Milestone,Starter_Authority_Read,Dependent_Owner_Rechecked,Six_Project_Comparison,Result
08C,"docs/24 08C; docs/27; docs/38; General Guide bus/reset sections",07C,"Rock n Roll Racing; Top Gear; SimCity; Civilization; Jungle Strike; Gundam Wing",CLOSED_EXACT_24BIT_BUS
09C,"docs/24 09C; docs/43; docs/52; General Guide timing sections",08C,"Rock n Roll Racing; Top Gear; SimCity; Civilization; Jungle Strike; Gundam Wing",CLOSED_MASTER_SCHEDULER_STATIC_LIBRARY
10C,"docs/24 10C; docs/37; docs/42; docs/57; docs/61-62; docs/73; General Guide DMA/HDMA sections",09C,"Rock n Roll Racing; Top Gear; SimCity; Civilization; Jungle Strike; Gundam Wing",CLOSED_GENERAL_DMA_HDMA_ALL_EXACT_SOURCE_CONFIGURATIONS
11C,"docs/24 11C; docs/42; docs/57; docs/73; docs/75; General Guide PPU-state sections",10C,"Rock n Roll Racing; Top Gear; SimCity; Civilization; Jungle Strike; Gundam Wing",CLOSED_PPU_STATE_ALL_EXACT_SOURCE_AND_DMA_DESTINATIONS
12C,"docs/24 12C; docs/71; General Guide S-SMP bootstrap sections",11C,"Rock n Roll Racing; Top Gear; SimCity; Civilization; Jungle Strike; Gundam Wing",CLOSED_APUIO_IPL_TIMERS_ARAM_EPOCH_STATIC_LIBRARY
13C,"docs/24 13C; docs/71; General Guide static execution and audio sections",12C,"Rock n Roll Racing; Top Gear; SimCity; Civilization; Jungle Strike; Gundam Wing",CLOSED_1392_EXACT_PC_STATIC_SSMP_EXECUTABLE_ARAM
14C,"docs/24 14C; docs/73; General Guide renderer/raster sections",13C,"Rock n Roll Racing; Top Gear; SimCity; Civilization; Jungle Strike; Gundam Wing",CLOSED_THEME_PARK_MODES_2_3_RASTER_PUBLICATION
15C,"docs/24 15C; docs/10; docs/57; docs/75; General Guide input/persistence sections",08C_09C_14C,"Rock n Roll Racing; Top Gear; SimCity; Civilization; Jungle Strike; Gundam Wing",CLOSED_STANDARD_PAD_SERIAL_AUTOJOY_RESET_ZERO_SRAM
16C,"docs/24 16C; docs/55; docs/71; General Guide static audio sections",12C_13C_09C,"Top Gear; SimCity; Civilization; Jungle Strike; Gundam Wing during construction; Rock n Roll Racing after implementation per project rule",CLOSED_PROJECT_SDSP_32_PHASE_KNOWN_PCM_STATIC_LIBRARIES_NO_EXECUTABLE
17C,"docs/24 17C; docs/42; docs/44; docs/46; docs/55; docs/57; docs/71; docs/73; docs/75; docs/79",01C_THROUGH_16C,"Top Gear; SimCity; Civilization; Jungle Strike; Gundam Wing reviewed before Pass A; Rock n Roll Racing deferred until 17C complete per AGENTS.md",IN_PROGRESS_SOURCE_AUTHORITY_RECONCILED_NATURAL_INTEGRATION_BLOCKING
