mnemonic,decoded_semantic,native_lowerer_implemented,production_reached
ADC,true,false,false
AND,true,false,false
ASL,true,false,false
BCC,true,false,false
BCS,true,false,false
BEQ,true,false,false
BIT,true,false,false
BMI,true,false,false
BNE,true,false,false
BPL,true,false,false
BRA,true,false,false
BRK,true,false,false
BRL,true,false,false
BVC,true,false,false
BVS,true,false,false
CLC,true,false,false
CLD,true,false,false
CLI,true,false,false
CLV,true,false,false
CMP,true,false,false
COP,true,false,false
CPX,true,false,false
CPY,true,false,false
DEC,true,false,false
DEX,true,false,false
DEY,true,false,false
EOR,true,false,false
INC,true,false,false
INX,true,false,false
INY,true,false,false
JML,true,false,false
JMP,true,false,false
JSL,true,false,false
JSR,true,false,false
LDA,true,false,false
LDX,true,false,false
LDY,true,false,false
LSR,true,false,false
MVN,true,false,false
MVP,true,false,false
NOP,true,false,false
ORA,true,false,false
PEA,true,false,false
PEI,true,false,false
PER,true,false,false
PHA,true,false,false
PHB,true,false,false
PHD,true,false,false
PHK,true,false,false
PHP,true,false,false
PHX,true,false,false
PHY,true,false,false
PLA,true,false,false
PLB,true,false,false
PLD,true,false,false
PLP,true,false,false
PLX,true,false,false
PLY,true,false,false
REP,true,false,false
ROL,true,false,false
ROR,true,false,false
RTI,true,false,false
RTL,true,false,false
RTS,true,false,false
SBC,true,false,false
SEC,true,false,false
SED,true,false,false
SEI,true,false,false
SEP,true,false,false
STA,true,false,false
STP,true,false,false
STX,true,false,false
STY,true,false,false
STZ,true,false,false
TAX,true,false,false
TAY,true,false,false
TCD,true,false,false
TCS,true,false,false
TDC,true,false,false
TRB,true,false,false
TSB,true,false,false
TSC,true,false,false
TSX,true,false,false
TXA,true,false,false
TXS,true,false,false
TXY,true,false,false
TYA,true,false,false
TYX,true,false,false
WAI,true,false,false
WDM,true,false,false
XBA,true,false,false
XCE,true,false,false
