Vector,Target,E,M,X,Status
native_cop,00:0000,,,,REJECTED_OUTSIDE_CANONICAL_LOROM_WINDOW
native_brk,00:8000,0,0,0,PROVED_VECTOR_ROOT_FOR_04C
native_brk,00:8000,0,0,1,PROVED_VECTOR_ROOT_FOR_04C
native_brk,00:8000,0,1,0,PROVED_VECTOR_ROOT_FOR_04C
native_brk,00:8000,0,1,1,PROVED_VECTOR_ROOT_FOR_04C
native_abort,00:00FF,,,,REJECTED_OUTSIDE_CANONICAL_LOROM_WINDOW
native_nmi,00:8216,0,0,0,PROVED_VECTOR_ROOT_FOR_04C
native_nmi,00:8216,0,0,1,PROVED_VECTOR_ROOT_FOR_04C
native_nmi,00:8216,0,1,0,PROVED_VECTOR_ROOT_FOR_04C
native_nmi,00:8216,0,1,1,PROVED_VECTOR_ROOT_FOR_04C
native_reserved,00:8000,,,,EXCLUDED_RESERVED_VECTOR_SLOT
native_irq,00:86F5,0,0,0,PROVED_VECTOR_ROOT_FOR_04C
native_irq,00:86F5,0,0,1,PROVED_VECTOR_ROOT_FOR_04C
native_irq,00:86F5,0,1,0,PROVED_VECTOR_ROOT_FOR_04C
native_irq,00:86F5,0,1,1,PROVED_VECTOR_ROOT_FOR_04C
emulation_cop,00:00FF,,,,REJECTED_OUTSIDE_CANONICAL_LOROM_WINDOW
emulation_reserved,00:FF00,,,,EXCLUDED_RESERVED_VECTOR_SLOT
emulation_abort,00:00FF,,,,REJECTED_OUTSIDE_CANONICAL_LOROM_WINDOW
emulation_nmi,00:86F5,1,1,1,PROVED_VECTOR_ROOT_FOR_04C
emulation_reset,00:8000,1,1,1,PROVED_VECTOR_ROOT_FOR_04C
emulation_irq_brk,00:8216,1,1,1,PROVED_VECTOR_ROOT_FOR_04C
