Context,Carry_In_Facts,Control_Class,Literal_Interest,Deferred_Obligations,Compiled_Into_Runtime
00:8000:1:1:1,UNKNOWN,CONTROL,,,false
00:8002:1:1:1,UNKNOWN,CONTROL,CPU_IO_DBR_UNPROVED,,false
00:8005:1:1:1,UNKNOWN,CONTROL,CPU_IO_DBR_UNPROVED,,false
00:8008:1:1:1,UNKNOWN,CONTROL,CPU_IO_DBR_UNPROVED,,false
00:800B:1:1:1,UNKNOWN,CONTROL,,,false
00:800D:1:1:1,UNKNOWN,CONTROL,PPU_DBR_UNPROVED,,false
00:8010:1:1:1,UNKNOWN,CONTROL,,,false
00:8011:1:1:1,0,CONTROL,,,false
00:8012:0:1:1,1,CONTROL,,,false
00:8013:0:1:1,1,CONTROL,,,false
00:8015:0:0:0,1,CONTROL,,,false
00:8018:0:0:0,1,CONTROL,,,false
00:8019:0:0:0,1,CONTROL,,,false
00:801C:0:0:0,1,CONTROL,,,false
00:801D:0:0:0,1,CONTROL,,,false
00:801F:0:1:1,1,CONTROL,,,false
00:8021:0:1:1,1,CONTROL,,,false
00:8022:0:1:1,1,CONTROL,,,false
00:8023:0:1:1,1,CONTROL,,05C:RETURN_CONTINUATION,false
04:8000:0:1:1,1,CONTROL,,,false
04:8002:0:1:1,1,CONTROL,,,false
04:8004:0:1:1,1,CONTROL,PPU_DBR_UNPROVED,,false
04:8007:0:1:1,1,CONTROL,,,false
04:8009:0:1:1,1,CONTROL,,,false
04:800B:0:1:0,1,CONTROL,,,false
04:800E:0:1:0,UNKNOWN|1,CONTROL,,,false
04:8012:0:1:0,UNKNOWN|1,CONTROL,,,false
04:8014:0:1:0,UNKNOWN,CONTROL,,,false
04:8016:0:1:0,UNKNOWN,CONTROL,,,false
04:8018:0:1:0,UNKNOWN,CONTROL,,,false
04:801A:0:1:0,UNKNOWN,CONTROL,PPU_DBR_UNPROVED,,false
04:801D:0:1:0,UNKNOWN,CONTROL,PPU_DBR_UNPROVED,,false
04:8020:0:1:0,UNKNOWN,CONTROL,,,false
04:8024:0:1:0,UNKNOWN,CONTROL,PPU_DBR_UNPROVED,,false
04:8027:0:1:0,UNKNOWN,CONTROL,PPU_DBR_UNPROVED,,false
04:802A:0:1:0,UNKNOWN,CONTROL,,,false
04:802B:0:1:0,UNKNOWN,CONTROL,,,false
04:802D:0:1:0,UNKNOWN,CONTROL,,,false
04:802F:0:1:0,UNKNOWN,CONTROL,,,false
04:8031:0:1:0,UNKNOWN,CONTROL,,,false
04:8034:0:1:0,UNKNOWN,CONTROL,,,false
04:8038:0:1:0,UNKNOWN,CONTROL,,,false
04:803A:0:1:0,UNKNOWN,CONTROL,,,false
04:803C:0:1:0,UNKNOWN,CONTROL,CPU_IO_DBR_UNPROVED,,false
04:803F:0:1:0,UNKNOWN,CONTROL,CPU_IO_DBR_UNPROVED,,false
04:8042:0:1:0,UNKNOWN,CONTROL,,,false
04:8043:0:1:0,UNKNOWN,CONTROL,,,false
04:8045:0:1:0,UNKNOWN,CONTROL,,,false
04:8048:0:1:0,UNKNOWN,CONTROL,DMA_HDMA_DBR_UNPROVED,,false
04:804B:0:1:0,UNKNOWN,CONTROL,DMA_HDMA_DBR_UNPROVED,,false
04:804E:0:1:0,UNKNOWN,CONTROL,,,false
04:804F:0:1:0,UNKNOWN,CONTROL,,,false
04:8052:0:1:0,UNKNOWN,CONTROL,,,false
04:8054:0:1:0,UNKNOWN,TERMINAL,,05C:RETURN_OR_REENTRY,false
