Context,PBR,PC,E,M,X,ROM_Offset,Bytes,Mnemonic,Mode,Origins
00:8000:1:1:1,00,8000,1,1,1,0x000000,E230,SEP,IMM8,EMULATION_RESET_VECTOR
00:8002:1:1:1,00,8002,1,1,1,0x000002,9C0B42,STZ,ABS,FALLTHROUGH_STATUS:00:8000:1:1:1
00:8005:1:1:1,00,8005,1,1,1,0x000005,9C0C42,STZ,ABS,FALLTHROUGH:00:8002:1:1:1
00:8008:1:1:1,00,8008,1,1,1,0x000008,9C0042,STZ,ABS,FALLTHROUGH:00:8005:1:1:1
00:800B:1:1:1,00,800B,1,1,1,0x00000B,A980,LDA,IMM_M,FALLTHROUGH:00:8008:1:1:1
00:800D:1:1:1,00,800D,1,1,1,0x00000D,8D0021,STA,ABS,FALLTHROUGH:00:800B:1:1:1
00:8010:1:1:1,00,8010,1,1,1,0x000010,18,CLC,IMP,FALLTHROUGH:00:800D:1:1:1
00:8011:1:1:1,00,8011,1,1,1,0x000011,FB,XCE,IMP,FALLTHROUGH:00:8010:1:1:1
00:8012:0:1:1,00,8012,0,1,1,0x000012,78,SEI,IMP,FALLTHROUGH_XCE_PROVED:00:8011:1:1:1
00:8013:0:1:1,00,8013,0,1,1,0x000013,C230,REP,IMM8,FALLTHROUGH:00:8012:0:1:1
00:8015:0:0:0,00,8015,0,0,0,0x000015,A2FF03,LDX,IMM_X,FALLTHROUGH_STATUS:00:8013:0:1:1
00:8018:0:0:0,00,8018,0,0,0,0x000018,9A,TXS,IMP,FALLTHROUGH:00:8015:0:0:0
00:8019:0:0:0,00,8019,0,0,0,0x000019,A90000,LDA,IMM_M,FALLTHROUGH:00:8018:0:0:0
00:801C:0:0:0,00,801C,0,0,0,0x00001C,5B,TCD,IMP,FALLTHROUGH:00:8019:0:0:0
00:801D:0:0:0,00,801D,0,0,0,0x00001D,E230,SEP,IMM8,FALLTHROUGH:00:801C:0:0:0
00:801F:0:1:1,00,801F,0,1,1,0x00001F,A900,LDA,IMM_M,FALLTHROUGH_STATUS:00:801D:0:0:0
00:8021:0:1:1,00,8021,0,1,1,0x000021,48,PHA,IMP,FALLTHROUGH:00:801F:0:1:1
00:8022:0:1:1,00,8022,0,1,1,0x000022,AB,PLB,IMP,FALLTHROUGH:00:8021:0:1:1
00:8023:0:1:1,00,8023,0,1,1,0x000023,22008004,JSL,ABSL_JUMP,FALLTHROUGH:00:8022:0:1:1
04:8000:0:1:1,04,8000,0,1,1,0x020000,E230,SEP,IMM8,DIRECT_CALL:00:8023:0:1:1
04:8002:0:1:1,04,8002,0,1,1,0x020002,A980,LDA,IMM_M,FALLTHROUGH_STATUS:04:8000:0:1:1
04:8004:0:1:1,04,8004,0,1,1,0x020004,8D0021,STA,ABS,FALLTHROUGH:04:8002:0:1:1
04:8007:0:1:1,04,8007,0,1,1,0x020007,E220,SEP,IMM8,FALLTHROUGH:04:8004:0:1:1
04:8009:0:1:1,04,8009,0,1,1,0x020009,C210,REP,IMM8,FALLTHROUGH_STATUS:04:8007:0:1:1
04:800B:0:1:0,04,800B,0,1,0,0x02000B,A20000,LDX,IMM_X,FALLTHROUGH_STATUS:04:8009:0:1:1
04:800E:0:1:0,04,800E,0,1,0,0x02000E,BFA99105,LDA,ABSL_X,BRANCH_ALWAYS:04:802B:0:1:0|FALLTHROUGH:04:800B:0:1:0
04:8012:0:1:0,04,8012,0,1,0,0x020012,C94D,CMP,IMM_M,FALLTHROUGH:04:800E:0:1:0
04:8014:0:1:0,04,8014,0,1,0,0x020014,F014,BEQ,REL8,FALLTHROUGH:04:8012:0:1:0
04:8016:0:1:0,04,8016,0,1,0,0x020016,C958,CMP,IMM_M,BRANCH_NOT_TAKEN:04:8014:0:1:0
04:8018:0:1:0,04,8018,0,1,0,0x020018,F013,BEQ,REL8,FALLTHROUGH:04:8016:0:1:0
04:801A:0:1:0,04,801A,0,1,0,0x02001A,9D0021,STA,ABS_X,BRANCH_NOT_TAKEN:04:8018:0:1:0
04:801D:0:1:0,04,801D,0,1,0,0x02001D,9D0021,STA,ABS_X,FALLTHROUGH:04:801A:0:1:0
04:8020:0:1:0,04,8020,0,1,0,0x020020,BFDE9105,LDA,ABSL_X,FALLTHROUGH:04:801D:0:1:0
04:8024:0:1:0,04,8024,0,1,0,0x020024,9D0021,STA,ABS_X,FALLTHROUGH:04:8020:0:1:0
04:8027:0:1:0,04,8027,0,1,0,0x020027,9D0021,STA,ABS_X,FALLTHROUGH:04:8024:0:1:0
04:802A:0:1:0,04,802A,0,1,0,0x02002A,E8,INX,IMP,BRANCH_TAKEN:04:8014:0:1:0|FALLTHROUGH:04:8027:0:1:0
04:802B:0:1:0,04,802B,0,1,0,0x02002B,80E1,BRA,REL8,FALLTHROUGH:04:802A:0:1:0
04:802D:0:1:0,04,802D,0,1,0,0x02002D,E220,SEP,IMM8,BRANCH_TAKEN:04:8018:0:1:0
04:802F:0:1:0,04,802F,0,1,0,0x02002F,C210,REP,IMM8,FALLTHROUGH_STATUS:04:802D:0:1:0
04:8031:0:1:0,04,8031,0,1,0,0x020031,A20000,LDX,IMM_X,FALLTHROUGH_STATUS:04:802F:0:1:0
04:8034:0:1:0,04,8034,0,1,0,0x020034,BF139205,LDA,ABSL_X,BRANCH_ALWAYS:04:8043:0:1:0|FALLTHROUGH:04:8031:0:1:0
04:8038:0:1:0,04,8038,0,1,0,0x020038,C958,CMP,IMM_M,FALLTHROUGH:04:8034:0:1:0
04:803A:0:1:0,04,803A,0,1,0,0x02003A,F009,BEQ,REL8,FALLTHROUGH:04:8038:0:1:0
04:803C:0:1:0,04,803C,0,1,0,0x02003C,9D0042,STA,ABS_X,BRANCH_NOT_TAKEN:04:803A:0:1:0
04:803F:0:1:0,04,803F,0,1,0,0x02003F,9D0042,STA,ABS_X,FALLTHROUGH:04:803C:0:1:0
04:8042:0:1:0,04,8042,0,1,0,0x020042,E8,INX,IMP,FALLTHROUGH:04:803F:0:1:0
04:8043:0:1:0,04,8043,0,1,0,0x020043,80EF,BRA,REL8,FALLTHROUGH:04:8042:0:1:0
04:8045:0:1:0,04,8045,0,1,0,0x020045,A20000,LDX,IMM_X,BRANCH_TAKEN:04:803A:0:1:0
04:8048:0:1:0,04,8048,0,1,0,0x020048,9E0043,STZ,ABS_X,BRANCH_TAKEN:04:8052:0:1:0|FALLTHROUGH:04:8045:0:1:0
04:804B:0:1:0,04,804B,0,1,0,0x02004B,9E0043,STZ,ABS_X,FALLTHROUGH:04:8048:0:1:0
04:804E:0:1:0,04,804E,0,1,0,0x02004E,E8,INX,IMP,FALLTHROUGH:04:804B:0:1:0
04:804F:0:1:0,04,804F,0,1,0,0x02004F,E07B00,CPX,IMM_X,FALLTHROUGH:04:804E:0:1:0
04:8052:0:1:0,04,8052,0,1,0,0x020052,D0F4,BNE,REL8,FALLTHROUGH:04:804F:0:1:0
04:8054:0:1:0,04,8054,0,1,0,0x020054,6B,RTL,IMP,BRANCH_NOT_TAKEN:04:8052:0:1:0
