Context,Producer,Written_Value,NMI_Enabled_After,DBR_Rule
00:8008:1:1:1,00:8008:1:1:1,00,0,DBR_ZERO_SOURCE_THEOREM
00:8212:0:1:1,00:8210:0:1:1,81,1,DBR_ZERO_SOURCE_THEOREM
00:A9D0:0:1:1,00:A9CE:0:1:1,01,0,DBR_ZERO_SOURCE_THEOREM
04:D975:0:1:0,04:D973:0:1:0,01,0,DBR_ZERO_SOURCE_THEOREM
04:DD80:0:1:1,04:DD7E:0:1:1,81,1,DBR_ZERO_SOURCE_THEOREM
06:BA4E:0:1:0,06:BA4C:0:1:0,01,0,DBR_ZERO_SOURCE_THEOREM
06:BBA5:0:1:1,06:BBA3:0:1:1,81,1,DBR_ZERO_SOURCE_THEOREM
07:8064:0:1:0,07:8062:0:1:0,01,0,DBR_ZERO_SOURCE_THEOREM
07:8147:0:1:1,07:8145:0:1:1,81,1,DBR_ZERO_SOURCE_THEOREM
0C:890F:0:1:0,0C:890D:0:1:0,01,0,DBR_ZERO_SOURCE_THEOREM
0C:8990:0:1:0,0C:898E:0:1:0,81,1,DBR_ZERO_SOURCE_THEOREM
0C:A6DD:0:1:0,0C:A6DB:0:1:0,01,0,DBR_ZERO_SOURCE_THEOREM
0C:A725:0:1:0,0C:A723:0:1:0,81,1,DBR_ZERO_SOURCE_THEOREM
0C:E189:0:1:0,0C:E187:0:1:0,01,0,DBR_ZERO_SOURCE_THEOREM
0C:E1BF:0:1:0,0C:E1BD:0:1:0,01,0,DBR_ZERO_SOURCE_THEOREM
0C:E1F6:0:1:0,0C:E1F4:0:1:0,81,1,DBR_ZERO_SOURCE_THEOREM
0C:E216:0:1:0,0C:E214:0:1:0,01,0,DBR_ZERO_SOURCE_THEOREM
0C:E2AA:0:1:0,0C:E2A8:0:1:0,81,1,DBR_ZERO_SOURCE_THEOREM
0C:E3E1:0:1:0,0C:E3DF:0:1:0,01,0,DBR_ZERO_SOURCE_THEOREM
0C:E413:0:1:0,0C:E411:0:1:0,81,1,DBR_ZERO_SOURCE_THEOREM
0C:E431:0:1:0,0C:E42F:0:1:0,01,0,DBR_ZERO_SOURCE_THEOREM
0C:E464:0:1:0,0C:E462:0:1:0,81,1,DBR_ZERO_SOURCE_THEOREM
