Family,Source,Kind,Target,Proof_Source
TP07F064,0C:FAE7:0:0:1,RETURN_PROVED,00:ABAD:0:0:1,V05C-edges.csv
TP07F064,0C:FAE7:0:0:1,RETURN_PROVED,00:ABCD:0:0:1,V05C-edges.csv
TP07F064,0C:FAE7:0:0:1,RETURN_PROVED,00:AC09:0:0:1,V05C-edges.csv
TP07F064,0C:FAE7:0:0:1,RETURN_PROVED,00:AC46:0:0:1,V05C-edges.csv
TP07F064,0C:FAE7:0:0:1,RETURN_PROVED,04:8D9D:0:0:1,V05C-edges.csv
TP07F064,0C:FAE7:0:0:1,RETURN_PROVED,04:8F3F:0:0:1,V05C-edges.csv
TP07F064,0C:FAE7:0:0:1,RETURN_PROVED,0C:B475:0:0:1,V05C-edges.csv
TP07F064,0C:FAE7:0:0:1,RETURN_PROVED,0C:B4D2:0:0:1,V05C-edges.csv
TP07F064,0C:FAE7:0:0:1,RETURN_PROVED,0C:B4D6:0:0:1,V05C-edges.csv
