Stable_Id,Families,Context,ROM_Offset,Bytes,Mnemonic,Mode,Access,Instruction_Access_Width,Byte_Event_Index,Register,Address_Proof,Timing_Relevance
TPHW-92CA07802E4162BDAC54,TP07F509,00:8002:1:1:1,0x000002,9C0B42,STZ,ABS,WRITE,1,0,$420B,EXACT_START_PLUS_DBR_OR_LONG_BANK_PLUS_WIDTH_EXPANSION,BUS_EVENT_ORDER_REQUIRED
TPHW-7D340F42041FBDC1C92B,TP07F509,00:8005:1:1:1,0x000005,9C0C42,STZ,ABS,WRITE,1,0,$420C,EXACT_START_PLUS_DBR_OR_LONG_BANK_PLUS_WIDTH_EXPANSION,BUS_EVENT_ORDER_REQUIRED
TPHW-13B2C529652D8054E581,TP07F510;TP07F511;TP07F512;TP07F513,00:8349:0:1:0,0x000349,8D0C42,STA,ABS,WRITE,1,0,$420C,EXACT_START_PLUS_DBR_OR_LONG_BANK_PLUS_WIDTH_EXPANSION,BUS_EVENT_ORDER_REQUIRED
TPHW-3ACAED498D3A54585809,TP07F510;TP07F511;TP07F512;TP07F513,00:8350:0:1:0,0x000350,8D0C42,STA,ABS,WRITE,1,0,$420C,EXACT_START_PLUS_DBR_OR_LONG_BANK_PLUS_WIDTH_EXPANSION,BUS_EVENT_ORDER_REQUIRED
TPHW-5E76AA46B83E19C217E0,TP07F236,00:83D0:0:1:0,0x0003D0,9C0B42,STZ,ABS,WRITE,1,0,$420B,EXACT_START_PLUS_DBR_OR_LONG_BANK_PLUS_WIDTH_EXPANSION,BUS_EVENT_ORDER_REQUIRED
TPHW-BF1BB68F2BDACF1B14AB,TP07F236,00:83D5:0:1:0,0x0003D5,8D3043,STA,ABS,WRITE,1,0,$4330,EXACT_START_PLUS_DBR_OR_LONG_BANK_PLUS_WIDTH_EXPANSION,BUS_EVENT_ORDER_REQUIRED
TPHW-8164DB58F508AD01328E,TP07F236,00:83DA:0:1:0,0x0003DA,8D3143,STA,ABS,WRITE,1,0,$4331,EXACT_START_PLUS_DBR_OR_LONG_BANK_PLUS_WIDTH_EXPANSION,BUS_EVENT_ORDER_REQUIRED
TPHW-5DCBE7EA0C81C70F810E,TP07F236,00:83E0:0:1:0,0x0003E0,8E3243,STX,ABS,WRITE,2,0,$4332,EXACT_START_PLUS_DBR_OR_LONG_BANK_PLUS_WIDTH_EXPANSION,BUS_EVENT_ORDER_REQUIRED
TPHW-642E600F170499283269,TP07F236,00:83E0:0:1:0,0x0003E0,8E3243,STX,ABS,WRITE,2,1,$4333,EXACT_START_PLUS_DBR_OR_LONG_BANK_PLUS_WIDTH_EXPANSION,BUS_EVENT_ORDER_REQUIRED
TPHW-BAF22E7D8A9EE8F3B21C,TP07F236,00:83E5:0:1:0,0x0003E5,8D3443,STA,ABS,WRITE,1,0,$4334,EXACT_START_PLUS_DBR_OR_LONG_BANK_PLUS_WIDTH_EXPANSION,BUS_EVENT_ORDER_REQUIRED
TPHW-3C72EA3DE011E77E8BB8,TP07F236,00:83EB:0:1:0,0x0003EB,8E3543,STX,ABS,WRITE,2,0,$4335,EXACT_START_PLUS_DBR_OR_LONG_BANK_PLUS_WIDTH_EXPANSION,BUS_EVENT_ORDER_REQUIRED
TPHW-42B767EDBA97A7A69D18,TP07F236,00:83EB:0:1:0,0x0003EB,8E3543,STX,ABS,WRITE,2,1,$4336,EXACT_START_PLUS_DBR_OR_LONG_BANK_PLUS_WIDTH_EXPANSION,BUS_EVENT_ORDER_REQUIRED
TPHW-D5DB73EAC5B3BA58F83C,TP07F236,00:83F0:0:1:0,0x0003F0,8D0B42,STA,ABS,WRITE,1,0,$420B,EXACT_START_PLUS_DBR_OR_LONG_BANK_PLUS_WIDTH_EXPANSION,BUS_EVENT_ORDER_REQUIRED
TPHW-F45F3475AF1E5B1960C3,TP07F236,00:83FD:0:1:0,0x0003FD,9C0B42,STZ,ABS,WRITE,1,0,$420B,EXACT_START_PLUS_DBR_OR_LONG_BANK_PLUS_WIDTH_EXPANSION,BUS_EVENT_ORDER_REQUIRED
TPHW-9C3A8B78F5A7DA02492B,TP07F236,00:8402:0:1:0,0x000402,8D3043,STA,ABS,WRITE,1,0,$4330,EXACT_START_PLUS_DBR_OR_LONG_BANK_PLUS_WIDTH_EXPANSION,BUS_EVENT_ORDER_REQUIRED
TPHW-113355093EE211A65F5C,TP07F236,00:8407:0:1:0,0x000407,8D3143,STA,ABS,WRITE,1,0,$4331,EXACT_START_PLUS_DBR_OR_LONG_BANK_PLUS_WIDTH_EXPANSION,BUS_EVENT_ORDER_REQUIRED
TPHW-382D5AD85474E9FC99BC,TP07F236,00:840D:0:1:0,0x00040D,8E3243,STX,ABS,WRITE,2,0,$4332,EXACT_START_PLUS_DBR_OR_LONG_BANK_PLUS_WIDTH_EXPANSION,BUS_EVENT_ORDER_REQUIRED
TPHW-B08583481C807AB5BE65,TP07F236,00:840D:0:1:0,0x00040D,8E3243,STX,ABS,WRITE,2,1,$4333,EXACT_START_PLUS_DBR_OR_LONG_BANK_PLUS_WIDTH_EXPANSION,BUS_EVENT_ORDER_REQUIRED
TPHW-C3FD0EC1654EF97B4EF7,TP07F236,00:8412:0:1:0,0x000412,8D3443,STA,ABS,WRITE,1,0,$4334,EXACT_START_PLUS_DBR_OR_LONG_BANK_PLUS_WIDTH_EXPANSION,BUS_EVENT_ORDER_REQUIRED
TPHW-F9CEDE2DB557B87DBE65,TP07F236,00:8418:0:1:0,0x000418,8E3543,STX,ABS,WRITE,2,0,$4335,EXACT_START_PLUS_DBR_OR_LONG_BANK_PLUS_WIDTH_EXPANSION,BUS_EVENT_ORDER_REQUIRED
TPHW-D2162326562FAB4C713A,TP07F236,00:8418:0:1:0,0x000418,8E3543,STX,ABS,WRITE,2,1,$4336,EXACT_START_PLUS_DBR_OR_LONG_BANK_PLUS_WIDTH_EXPANSION,BUS_EVENT_ORDER_REQUIRED
TPHW-8BB98A719A7C3911E4B9,TP07F236,00:841D:0:1:0,0x00041D,8D0B42,STA,ABS,WRITE,1,0,$420B,EXACT_START_PLUS_DBR_OR_LONG_BANK_PLUS_WIDTH_EXPANSION,BUS_EVENT_ORDER_REQUIRED
TPHW-463E5C84EFDE8EA86CE3,TP07F256,00:8436:0:1:0,0x000436,9C0B42,STZ,ABS,WRITE,1,0,$420B,EXACT_START_PLUS_DBR_OR_LONG_BANK_PLUS_WIDTH_EXPANSION,BUS_EVENT_ORDER_REQUIRED
TPHW-0D0475FBE6E38E3FECC9,TP07F256,00:843B:0:1:0,0x00043B,8D3043,STA,ABS,WRITE,1,0,$4330,EXACT_START_PLUS_DBR_OR_LONG_BANK_PLUS_WIDTH_EXPANSION,BUS_EVENT_ORDER_REQUIRED
TPHW-3F1E15E53B4F903919AD,TP07F256,00:8440:0:1:0,0x000440,8D3143,STA,ABS,WRITE,1,0,$4331,EXACT_START_PLUS_DBR_OR_LONG_BANK_PLUS_WIDTH_EXPANSION,BUS_EVENT_ORDER_REQUIRED
TPHW-84339F5AEA01D83CB63A,TP07F256,00:8446:0:1:0,0x000446,8E3243,STX,ABS,WRITE,2,0,$4332,EXACT_START_PLUS_DBR_OR_LONG_BANK_PLUS_WIDTH_EXPANSION,BUS_EVENT_ORDER_REQUIRED
TPHW-B2653FC0F984BAB20E4B,TP07F256,00:8446:0:1:0,0x000446,8E3243,STX,ABS,WRITE,2,1,$4333,EXACT_START_PLUS_DBR_OR_LONG_BANK_PLUS_WIDTH_EXPANSION,BUS_EVENT_ORDER_REQUIRED
TPHW-48428F2CA157E77F066A,TP07F256,00:844B:0:1:0,0x00044B,8D3443,STA,ABS,WRITE,1,0,$4334,EXACT_START_PLUS_DBR_OR_LONG_BANK_PLUS_WIDTH_EXPANSION,BUS_EVENT_ORDER_REQUIRED
TPHW-095D77E8FC23DF8425AF,TP07F256,00:845E:0:1:0,0x00045E,8E3543,STX,ABS,WRITE,2,0,$4335,EXACT_START_PLUS_DBR_OR_LONG_BANK_PLUS_WIDTH_EXPANSION,BUS_EVENT_ORDER_REQUIRED
TPHW-CA4690F9E0E69FB62F3A,TP07F256,00:845E:0:1:0,0x00045E,8E3543,STX,ABS,WRITE,2,1,$4336,EXACT_START_PLUS_DBR_OR_LONG_BANK_PLUS_WIDTH_EXPANSION,BUS_EVENT_ORDER_REQUIRED
TPHW-D42CE4BFC6D8664A280B,TP07F256,00:8463:0:1:0,0x000463,8D0B42,STA,ABS,WRITE,1,0,$420B,EXACT_START_PLUS_DBR_OR_LONG_BANK_PLUS_WIDTH_EXPANSION,BUS_EVENT_ORDER_REQUIRED
TPHW-5DED49AA2A6A706DFA8F,TP07F256,00:848A:0:1:0,0x00048A,9C0B42,STZ,ABS,WRITE,1,0,$420B,EXACT_START_PLUS_DBR_OR_LONG_BANK_PLUS_WIDTH_EXPANSION,BUS_EVENT_ORDER_REQUIRED
TPHW-18CB14A51676DB9BEB41,TP07F256,00:848F:0:1:0,0x00048F,8D3043,STA,ABS,WRITE,1,0,$4330,EXACT_START_PLUS_DBR_OR_LONG_BANK_PLUS_WIDTH_EXPANSION,BUS_EVENT_ORDER_REQUIRED
TPHW-35BF5274CE2BD0AF7EA8,TP07F256,00:8494:0:1:0,0x000494,8D3143,STA,ABS,WRITE,1,0,$4331,EXACT_START_PLUS_DBR_OR_LONG_BANK_PLUS_WIDTH_EXPANSION,BUS_EVENT_ORDER_REQUIRED
TPHW-A39D47F29B20496C1EFB,TP07F256,00:849A:0:1:0,0x00049A,8E3243,STX,ABS,WRITE,2,0,$4332,EXACT_START_PLUS_DBR_OR_LONG_BANK_PLUS_WIDTH_EXPANSION,BUS_EVENT_ORDER_REQUIRED
TPHW-80A50ED9238FAF0BD89E,TP07F256,00:849A:0:1:0,0x00049A,8E3243,STX,ABS,WRITE,2,1,$4333,EXACT_START_PLUS_DBR_OR_LONG_BANK_PLUS_WIDTH_EXPANSION,BUS_EVENT_ORDER_REQUIRED
TPHW-517568B2A47835A0760A,TP07F256,00:849F:0:1:0,0x00049F,8D3443,STA,ABS,WRITE,1,0,$4334,EXACT_START_PLUS_DBR_OR_LONG_BANK_PLUS_WIDTH_EXPANSION,BUS_EVENT_ORDER_REQUIRED
TPHW-656E4DC6D47A7EEDF6BF,TP07F256,00:84A5:0:1:0,0x0004A5,8E3543,STX,ABS,WRITE,2,0,$4335,EXACT_START_PLUS_DBR_OR_LONG_BANK_PLUS_WIDTH_EXPANSION,BUS_EVENT_ORDER_REQUIRED
TPHW-E1C1A77F23C250070147,TP07F256,00:84A5:0:1:0,0x0004A5,8E3543,STX,ABS,WRITE,2,1,$4336,EXACT_START_PLUS_DBR_OR_LONG_BANK_PLUS_WIDTH_EXPANSION,BUS_EVENT_ORDER_REQUIRED
TPHW-0ED7DDE580C8514C4563,TP07F256,00:84AA:0:1:0,0x0004AA,8D0B42,STA,ABS,WRITE,1,0,$420B,EXACT_START_PLUS_DBR_OR_LONG_BANK_PLUS_WIDTH_EXPANSION,BUS_EVENT_ORDER_REQUIRED
TPHW-560B7B2F709B802F9D22,TP07F215,00:84C9:0:1:0,0x0004C9,9C0B42,STZ,ABS,WRITE,1,0,$420B,EXACT_START_PLUS_DBR_OR_LONG_BANK_PLUS_WIDTH_EXPANSION,BUS_EVENT_ORDER_REQUIRED
TPHW-894EDAEB8653210F450C,TP07F215,00:84CE:0:1:0,0x0004CE,8D3043,STA,ABS,WRITE,1,0,$4330,EXACT_START_PLUS_DBR_OR_LONG_BANK_PLUS_WIDTH_EXPANSION,BUS_EVENT_ORDER_REQUIRED
TPHW-821CE556C4B7B39EC26E,TP07F215,00:84D3:0:1:0,0x0004D3,8D3143,STA,ABS,WRITE,1,0,$4331,EXACT_START_PLUS_DBR_OR_LONG_BANK_PLUS_WIDTH_EXPANSION,BUS_EVENT_ORDER_REQUIRED
TPHW-C5FE7E079147173CEDC6,TP07F215,00:84D9:0:1:0,0x0004D9,8E3243,STX,ABS,WRITE,2,0,$4332,EXACT_START_PLUS_DBR_OR_LONG_BANK_PLUS_WIDTH_EXPANSION,BUS_EVENT_ORDER_REQUIRED
TPHW-259607074F1087E10ADD,TP07F215,00:84D9:0:1:0,0x0004D9,8E3243,STX,ABS,WRITE,2,1,$4333,EXACT_START_PLUS_DBR_OR_LONG_BANK_PLUS_WIDTH_EXPANSION,BUS_EVENT_ORDER_REQUIRED
TPHW-675D26142F1AD1AEAC01,TP07F215,00:84DE:0:1:0,0x0004DE,8D3443,STA,ABS,WRITE,1,0,$4334,EXACT_START_PLUS_DBR_OR_LONG_BANK_PLUS_WIDTH_EXPANSION,BUS_EVENT_ORDER_REQUIRED
TPHW-57029BA3742F09E9DB6D,TP07F215,00:84E4:0:1:0,0x0004E4,8E3543,STX,ABS,WRITE,2,0,$4335,EXACT_START_PLUS_DBR_OR_LONG_BANK_PLUS_WIDTH_EXPANSION,BUS_EVENT_ORDER_REQUIRED
TPHW-59EAAAC270F4477BED8D,TP07F215,00:84E4:0:1:0,0x0004E4,8E3543,STX,ABS,WRITE,2,1,$4336,EXACT_START_PLUS_DBR_OR_LONG_BANK_PLUS_WIDTH_EXPANSION,BUS_EVENT_ORDER_REQUIRED
TPHW-38AA5B8F7FDB82E6B9C3,TP07F215,00:84E9:0:1:0,0x0004E9,8D0B42,STA,ABS,WRITE,1,0,$420B,EXACT_START_PLUS_DBR_OR_LONG_BANK_PLUS_WIDTH_EXPANSION,BUS_EVENT_ORDER_REQUIRED
TPHW-76D924A2C979BB004F9F,TP07F231,00:84FF:0:1:0,0x0004FF,9C0B42,STZ,ABS,WRITE,1,0,$420B,EXACT_START_PLUS_DBR_OR_LONG_BANK_PLUS_WIDTH_EXPANSION,BUS_EVENT_ORDER_REQUIRED
TPHW-6BCDB5BE0A8931C1D27E,TP07F231,00:8504:0:1:0,0x000504,8D3043,STA,ABS,WRITE,1,0,$4330,EXACT_START_PLUS_DBR_OR_LONG_BANK_PLUS_WIDTH_EXPANSION,BUS_EVENT_ORDER_REQUIRED
TPHW-F7EC054DBCB61EC43755,TP07F231,00:8509:0:1:0,0x000509,8D3143,STA,ABS,WRITE,1,0,$4331,EXACT_START_PLUS_DBR_OR_LONG_BANK_PLUS_WIDTH_EXPANSION,BUS_EVENT_ORDER_REQUIRED
TPHW-9FC4DD761326B1D57DCD,TP07F231,00:850F:0:1:0,0x00050F,8E3243,STX,ABS,WRITE,2,0,$4332,EXACT_START_PLUS_DBR_OR_LONG_BANK_PLUS_WIDTH_EXPANSION,BUS_EVENT_ORDER_REQUIRED
TPHW-50ECB3470F2D673D422D,TP07F231,00:850F:0:1:0,0x00050F,8E3243,STX,ABS,WRITE,2,1,$4333,EXACT_START_PLUS_DBR_OR_LONG_BANK_PLUS_WIDTH_EXPANSION,BUS_EVENT_ORDER_REQUIRED
TPHW-09D5ABFCA2614E199B34,TP07F231,00:8512:0:1:0,0x000512,9C3443,STZ,ABS,WRITE,1,0,$4334,EXACT_START_PLUS_DBR_OR_LONG_BANK_PLUS_WIDTH_EXPANSION,BUS_EVENT_ORDER_REQUIRED
TPHW-39064EA09410678B39E9,TP07F231,00:8518:0:1:0,0x000518,8E3543,STX,ABS,WRITE,2,0,$4335,EXACT_START_PLUS_DBR_OR_LONG_BANK_PLUS_WIDTH_EXPANSION,BUS_EVENT_ORDER_REQUIRED
TPHW-874BCD760D8C486C1AE5,TP07F231,00:8518:0:1:0,0x000518,8E3543,STX,ABS,WRITE,2,1,$4336,EXACT_START_PLUS_DBR_OR_LONG_BANK_PLUS_WIDTH_EXPANSION,BUS_EVENT_ORDER_REQUIRED
TPHW-A3F1ACBDDEE3DE3BC87E,TP07F231,00:851D:0:1:0,0x00051D,8D0B42,STA,ABS,WRITE,1,0,$420B,EXACT_START_PLUS_DBR_OR_LONG_BANK_PLUS_WIDTH_EXPANSION,BUS_EVENT_ORDER_REQUIRED
TPHW-804A578120F840FC1F3A,TP07F231,00:852B:0:1:0,0x00052B,9C0B42,STZ,ABS,WRITE,1,0,$420B,EXACT_START_PLUS_DBR_OR_LONG_BANK_PLUS_WIDTH_EXPANSION,BUS_EVENT_ORDER_REQUIRED
TPHW-A91EE5191C61428ABD30,TP07F231,00:8530:0:1:0,0x000530,8D3043,STA,ABS,WRITE,1,0,$4330,EXACT_START_PLUS_DBR_OR_LONG_BANK_PLUS_WIDTH_EXPANSION,BUS_EVENT_ORDER_REQUIRED
TPHW-DB4E6B9F6D6B9AD96D39,TP07F231,00:8535:0:1:0,0x000535,8D3143,STA,ABS,WRITE,1,0,$4331,EXACT_START_PLUS_DBR_OR_LONG_BANK_PLUS_WIDTH_EXPANSION,BUS_EVENT_ORDER_REQUIRED
TPHW-654B21C4C111CD3087B8,TP07F231,00:853B:0:1:0,0x00053B,8E3243,STX,ABS,WRITE,2,0,$4332,EXACT_START_PLUS_DBR_OR_LONG_BANK_PLUS_WIDTH_EXPANSION,BUS_EVENT_ORDER_REQUIRED
TPHW-3769517114F3B1E750F0,TP07F231,00:853B:0:1:0,0x00053B,8E3243,STX,ABS,WRITE,2,1,$4333,EXACT_START_PLUS_DBR_OR_LONG_BANK_PLUS_WIDTH_EXPANSION,BUS_EVENT_ORDER_REQUIRED
TPHW-514338A9500E54ECC2B9,TP07F231,00:853E:0:1:0,0x00053E,9C3443,STZ,ABS,WRITE,1,0,$4334,EXACT_START_PLUS_DBR_OR_LONG_BANK_PLUS_WIDTH_EXPANSION,BUS_EVENT_ORDER_REQUIRED
TPHW-B461B2857165B7E63DE4,TP07F231,00:8544:0:1:0,0x000544,8E3543,STX,ABS,WRITE,2,0,$4335,EXACT_START_PLUS_DBR_OR_LONG_BANK_PLUS_WIDTH_EXPANSION,BUS_EVENT_ORDER_REQUIRED
TPHW-239E05FD6CF2322615D5,TP07F231,00:8544:0:1:0,0x000544,8E3543,STX,ABS,WRITE,2,1,$4336,EXACT_START_PLUS_DBR_OR_LONG_BANK_PLUS_WIDTH_EXPANSION,BUS_EVENT_ORDER_REQUIRED
TPHW-8F009F988DAF454F617F,TP07F231,00:8549:0:1:0,0x000549,8D0B42,STA,ABS,WRITE,1,0,$420B,EXACT_START_PLUS_DBR_OR_LONG_BANK_PLUS_WIDTH_EXPANSION,BUS_EVENT_ORDER_REQUIRED
TPHW-5AF87F7C2DD54349EE5D,TP07F392,04:D984:0:1:0,0x025984,9C0B42,STZ,ABS,WRITE,1,0,$420B,EXACT_START_PLUS_DBR_OR_LONG_BANK_PLUS_WIDTH_EXPANSION,BUS_EVENT_ORDER_REQUIRED
TPHW-DB509D61A6E14E786648,TP07F392,04:D989:0:1:0,0x025989,8D4043,STA,ABS,WRITE,1,0,$4340,EXACT_START_PLUS_DBR_OR_LONG_BANK_PLUS_WIDTH_EXPANSION,BUS_EVENT_ORDER_REQUIRED
TPHW-1F628779DE044EC3B315,TP07F392,04:D98E:0:1:0,0x02598E,8D4143,STA,ABS,WRITE,1,0,$4341,EXACT_START_PLUS_DBR_OR_LONG_BANK_PLUS_WIDTH_EXPANSION,BUS_EVENT_ORDER_REQUIRED
TPHW-1B5616E8E8105BED1376,TP07F392,04:D994:0:1:0,0x025994,8C4243,STY,ABS,WRITE,2,0,$4342,EXACT_START_PLUS_DBR_OR_LONG_BANK_PLUS_WIDTH_EXPANSION,BUS_EVENT_ORDER_REQUIRED
TPHW-E79B5BA2D5AAB723E6D7,TP07F392,04:D994:0:1:0,0x025994,8C4243,STY,ABS,WRITE,2,1,$4343,EXACT_START_PLUS_DBR_OR_LONG_BANK_PLUS_WIDTH_EXPANSION,BUS_EVENT_ORDER_REQUIRED
TPHW-30DC497E49F5D31E1BD3,TP07F392,04:D999:0:1:0,0x025999,8D4443,STA,ABS,WRITE,1,0,$4344,EXACT_START_PLUS_DBR_OR_LONG_BANK_PLUS_WIDTH_EXPANSION,BUS_EVENT_ORDER_REQUIRED
TPHW-FC2F1D932DB0213BD00E,TP07F392,04:D99F:0:1:0,0x02599F,8C4543,STY,ABS,WRITE,2,0,$4345,EXACT_START_PLUS_DBR_OR_LONG_BANK_PLUS_WIDTH_EXPANSION,BUS_EVENT_ORDER_REQUIRED
TPHW-AFF8768460AD0B528225,TP07F392,04:D99F:0:1:0,0x02599F,8C4543,STY,ABS,WRITE,2,1,$4346,EXACT_START_PLUS_DBR_OR_LONG_BANK_PLUS_WIDTH_EXPANSION,BUS_EVENT_ORDER_REQUIRED
TPHW-DC6AA468569476556317,TP07F392,04:D9A4:0:1:0,0x0259A4,8D0B42,STA,ABS,WRITE,1,0,$420B,EXACT_START_PLUS_DBR_OR_LONG_BANK_PLUS_WIDTH_EXPANSION,BUS_EVENT_ORDER_REQUIRED
TPHW-854D56E0BADA6B60E3D3,TP07F392,04:D9D9:0:1:0,0x0259D9,9C0B42,STZ,ABS,WRITE,1,0,$420B,EXACT_START_PLUS_DBR_OR_LONG_BANK_PLUS_WIDTH_EXPANSION,BUS_EVENT_ORDER_REQUIRED
TPHW-C10FADA74A64315EF94E,TP07F392,04:D9DE:0:1:0,0x0259DE,8D4043,STA,ABS,WRITE,1,0,$4340,EXACT_START_PLUS_DBR_OR_LONG_BANK_PLUS_WIDTH_EXPANSION,BUS_EVENT_ORDER_REQUIRED
TPHW-AA5E64BC1C3D7BDFA454,TP07F392,04:D9E3:0:1:0,0x0259E3,8D4143,STA,ABS,WRITE,1,0,$4341,EXACT_START_PLUS_DBR_OR_LONG_BANK_PLUS_WIDTH_EXPANSION,BUS_EVENT_ORDER_REQUIRED
TPHW-AA34E7E551AE6448E6B9,TP07F392,04:D9E9:0:1:0,0x0259E9,8C4243,STY,ABS,WRITE,2,0,$4342,EXACT_START_PLUS_DBR_OR_LONG_BANK_PLUS_WIDTH_EXPANSION,BUS_EVENT_ORDER_REQUIRED
TPHW-62679BC7F7F6BA444497,TP07F392,04:D9E9:0:1:0,0x0259E9,8C4243,STY,ABS,WRITE,2,1,$4343,EXACT_START_PLUS_DBR_OR_LONG_BANK_PLUS_WIDTH_EXPANSION,BUS_EVENT_ORDER_REQUIRED
TPHW-1CC644B09E01EE84A520,TP07F392,04:D9EE:0:1:0,0x0259EE,8D4443,STA,ABS,WRITE,1,0,$4344,EXACT_START_PLUS_DBR_OR_LONG_BANK_PLUS_WIDTH_EXPANSION,BUS_EVENT_ORDER_REQUIRED
TPHW-5D59A669ACC30561259B,TP07F392,04:D9F4:0:1:0,0x0259F4,8C4543,STY,ABS,WRITE,2,0,$4345,EXACT_START_PLUS_DBR_OR_LONG_BANK_PLUS_WIDTH_EXPANSION,BUS_EVENT_ORDER_REQUIRED
TPHW-BBF71317002553837E7C,TP07F392,04:D9F4:0:1:0,0x0259F4,8C4543,STY,ABS,WRITE,2,1,$4346,EXACT_START_PLUS_DBR_OR_LONG_BANK_PLUS_WIDTH_EXPANSION,BUS_EVENT_ORDER_REQUIRED
TPHW-3315AB0409F0C7A74B21,TP07F392,04:D9F9:0:1:0,0x0259F9,8D0B42,STA,ABS,WRITE,1,0,$420B,EXACT_START_PLUS_DBR_OR_LONG_BANK_PLUS_WIDTH_EXPANSION,BUS_EVENT_ORDER_REQUIRED
TPHW-A249C39E9100217E7318,TP07F392,04:DA28:0:1:0,0x025A28,9C0B42,STZ,ABS,WRITE,1,0,$420B,EXACT_START_PLUS_DBR_OR_LONG_BANK_PLUS_WIDTH_EXPANSION,BUS_EVENT_ORDER_REQUIRED
TPHW-ED99F5DEE7C72AFE765E,TP07F392,04:DA2D:0:1:0,0x025A2D,8D4043,STA,ABS,WRITE,1,0,$4340,EXACT_START_PLUS_DBR_OR_LONG_BANK_PLUS_WIDTH_EXPANSION,BUS_EVENT_ORDER_REQUIRED
TPHW-AF4E393622955104BC05,TP07F392,04:DA32:0:1:0,0x025A32,8D4143,STA,ABS,WRITE,1,0,$4341,EXACT_START_PLUS_DBR_OR_LONG_BANK_PLUS_WIDTH_EXPANSION,BUS_EVENT_ORDER_REQUIRED
TPHW-CCE104993E138AEB3969,TP07F392,04:DA38:0:1:0,0x025A38,8C4243,STY,ABS,WRITE,2,0,$4342,EXACT_START_PLUS_DBR_OR_LONG_BANK_PLUS_WIDTH_EXPANSION,BUS_EVENT_ORDER_REQUIRED
TPHW-0BD5803C6AD7530B91FD,TP07F392,04:DA38:0:1:0,0x025A38,8C4243,STY,ABS,WRITE,2,1,$4343,EXACT_START_PLUS_DBR_OR_LONG_BANK_PLUS_WIDTH_EXPANSION,BUS_EVENT_ORDER_REQUIRED
TPHW-E228D462C8FF03044152,TP07F392,04:DA3D:0:1:0,0x025A3D,8D4443,STA,ABS,WRITE,1,0,$4344,EXACT_START_PLUS_DBR_OR_LONG_BANK_PLUS_WIDTH_EXPANSION,BUS_EVENT_ORDER_REQUIRED
TPHW-18D27EA7952D253D61A1,TP07F392,04:DA43:0:1:0,0x025A43,8C4543,STY,ABS,WRITE,2,0,$4345,EXACT_START_PLUS_DBR_OR_LONG_BANK_PLUS_WIDTH_EXPANSION,BUS_EVENT_ORDER_REQUIRED
TPHW-928FAF7A8CBBE0C14805,TP07F392,04:DA43:0:1:0,0x025A43,8C4543,STY,ABS,WRITE,2,1,$4346,EXACT_START_PLUS_DBR_OR_LONG_BANK_PLUS_WIDTH_EXPANSION,BUS_EVENT_ORDER_REQUIRED
TPHW-3841E1BC2559D2E68AA5,TP07F392,04:DA48:0:1:0,0x025A48,8D0B42,STA,ABS,WRITE,1,0,$420B,EXACT_START_PLUS_DBR_OR_LONG_BANK_PLUS_WIDTH_EXPANSION,BUS_EVENT_ORDER_REQUIRED
TPHW-B65F50234F98BA82C832,TP07F392,04:DA77:0:1:0,0x025A77,9C0B42,STZ,ABS,WRITE,1,0,$420B,EXACT_START_PLUS_DBR_OR_LONG_BANK_PLUS_WIDTH_EXPANSION,BUS_EVENT_ORDER_REQUIRED
TPHW-DA68F23F24FC9D54DC33,TP07F392,04:DA7C:0:1:0,0x025A7C,8D4043,STA,ABS,WRITE,1,0,$4340,EXACT_START_PLUS_DBR_OR_LONG_BANK_PLUS_WIDTH_EXPANSION,BUS_EVENT_ORDER_REQUIRED
TPHW-EA151C29BE5D8A802189,TP07F392,04:DA81:0:1:0,0x025A81,8D4143,STA,ABS,WRITE,1,0,$4341,EXACT_START_PLUS_DBR_OR_LONG_BANK_PLUS_WIDTH_EXPANSION,BUS_EVENT_ORDER_REQUIRED
TPHW-202B6DFB70B8D04865E7,TP07F392,04:DA87:0:1:0,0x025A87,8C4243,STY,ABS,WRITE,2,0,$4342,EXACT_START_PLUS_DBR_OR_LONG_BANK_PLUS_WIDTH_EXPANSION,BUS_EVENT_ORDER_REQUIRED
TPHW-1F63748BAA67914BEF63,TP07F392,04:DA87:0:1:0,0x025A87,8C4243,STY,ABS,WRITE,2,1,$4343,EXACT_START_PLUS_DBR_OR_LONG_BANK_PLUS_WIDTH_EXPANSION,BUS_EVENT_ORDER_REQUIRED
TPHW-8C70DFBC4224AED38FD7,TP07F392,04:DA8C:0:1:0,0x025A8C,8D4443,STA,ABS,WRITE,1,0,$4344,EXACT_START_PLUS_DBR_OR_LONG_BANK_PLUS_WIDTH_EXPANSION,BUS_EVENT_ORDER_REQUIRED
TPHW-BA3E15FB4D4314D3F4F7,TP07F392,04:DA92:0:1:0,0x025A92,8C4543,STY,ABS,WRITE,2,0,$4345,EXACT_START_PLUS_DBR_OR_LONG_BANK_PLUS_WIDTH_EXPANSION,BUS_EVENT_ORDER_REQUIRED
TPHW-67CBECF056F6187E6AEE,TP07F392,04:DA92:0:1:0,0x025A92,8C4543,STY,ABS,WRITE,2,1,$4346,EXACT_START_PLUS_DBR_OR_LONG_BANK_PLUS_WIDTH_EXPANSION,BUS_EVENT_ORDER_REQUIRED
TPHW-CE8F7D42CCD465080246,TP07F392,04:DA97:0:1:0,0x025A97,8D0B42,STA,ABS,WRITE,1,0,$420B,EXACT_START_PLUS_DBR_OR_LONG_BANK_PLUS_WIDTH_EXPANSION,BUS_EVENT_ORDER_REQUIRED
TPHW-07E79D9B85611C154895,TP07F392,04:DAC6:0:1:0,0x025AC6,9C0B42,STZ,ABS,WRITE,1,0,$420B,EXACT_START_PLUS_DBR_OR_LONG_BANK_PLUS_WIDTH_EXPANSION,BUS_EVENT_ORDER_REQUIRED
TPHW-E90600BA80411F7C8F3B,TP07F392,04:DACB:0:1:0,0x025ACB,8D4043,STA,ABS,WRITE,1,0,$4340,EXACT_START_PLUS_DBR_OR_LONG_BANK_PLUS_WIDTH_EXPANSION,BUS_EVENT_ORDER_REQUIRED
TPHW-B741493FCE57BD16566C,TP07F392,04:DAD0:0:1:0,0x025AD0,8D4143,STA,ABS,WRITE,1,0,$4341,EXACT_START_PLUS_DBR_OR_LONG_BANK_PLUS_WIDTH_EXPANSION,BUS_EVENT_ORDER_REQUIRED
TPHW-4EB51B0D7A81C0AF4A20,TP07F392,04:DAD6:0:1:0,0x025AD6,8C4243,STY,ABS,WRITE,2,0,$4342,EXACT_START_PLUS_DBR_OR_LONG_BANK_PLUS_WIDTH_EXPANSION,BUS_EVENT_ORDER_REQUIRED
TPHW-E5FC26270491B2C304A3,TP07F392,04:DAD6:0:1:0,0x025AD6,8C4243,STY,ABS,WRITE,2,1,$4343,EXACT_START_PLUS_DBR_OR_LONG_BANK_PLUS_WIDTH_EXPANSION,BUS_EVENT_ORDER_REQUIRED
TPHW-B4C09294C181BBA64F5B,TP07F392,04:DADB:0:1:0,0x025ADB,8D4443,STA,ABS,WRITE,1,0,$4344,EXACT_START_PLUS_DBR_OR_LONG_BANK_PLUS_WIDTH_EXPANSION,BUS_EVENT_ORDER_REQUIRED
TPHW-1FB9E61EBD7AEFD95E9E,TP07F392,04:DAE1:0:1:0,0x025AE1,8C4543,STY,ABS,WRITE,2,0,$4345,EXACT_START_PLUS_DBR_OR_LONG_BANK_PLUS_WIDTH_EXPANSION,BUS_EVENT_ORDER_REQUIRED
TPHW-04863A812A1B6ED2D65B,TP07F392,04:DAE1:0:1:0,0x025AE1,8C4543,STY,ABS,WRITE,2,1,$4346,EXACT_START_PLUS_DBR_OR_LONG_BANK_PLUS_WIDTH_EXPANSION,BUS_EVENT_ORDER_REQUIRED
TPHW-158D60BFE5D732AC16D8,TP07F392,04:DAE6:0:1:0,0x025AE6,8D0B42,STA,ABS,WRITE,1,0,$420B,EXACT_START_PLUS_DBR_OR_LONG_BANK_PLUS_WIDTH_EXPANSION,BUS_EVENT_ORDER_REQUIRED
TPHW-886CEC3D4075C89C4C41,TP07F392,04:DB15:0:1:0,0x025B15,9C0B42,STZ,ABS,WRITE,1,0,$420B,EXACT_START_PLUS_DBR_OR_LONG_BANK_PLUS_WIDTH_EXPANSION,BUS_EVENT_ORDER_REQUIRED
TPHW-7D85DD1FB08A9EA79292,TP07F392,04:DB1A:0:1:0,0x025B1A,8D4043,STA,ABS,WRITE,1,0,$4340,EXACT_START_PLUS_DBR_OR_LONG_BANK_PLUS_WIDTH_EXPANSION,BUS_EVENT_ORDER_REQUIRED
TPHW-55A9202627FF766E7803,TP07F392,04:DB1F:0:1:0,0x025B1F,8D4143,STA,ABS,WRITE,1,0,$4341,EXACT_START_PLUS_DBR_OR_LONG_BANK_PLUS_WIDTH_EXPANSION,BUS_EVENT_ORDER_REQUIRED
TPHW-CABE68091931DF35CE8E,TP07F392,04:DB25:0:1:0,0x025B25,8C4243,STY,ABS,WRITE,2,0,$4342,EXACT_START_PLUS_DBR_OR_LONG_BANK_PLUS_WIDTH_EXPANSION,BUS_EVENT_ORDER_REQUIRED
TPHW-1B2A1671801791F5ED39,TP07F392,04:DB25:0:1:0,0x025B25,8C4243,STY,ABS,WRITE,2,1,$4343,EXACT_START_PLUS_DBR_OR_LONG_BANK_PLUS_WIDTH_EXPANSION,BUS_EVENT_ORDER_REQUIRED
TPHW-16591776DB292C6BB381,TP07F392,04:DB2A:0:1:0,0x025B2A,8D4443,STA,ABS,WRITE,1,0,$4344,EXACT_START_PLUS_DBR_OR_LONG_BANK_PLUS_WIDTH_EXPANSION,BUS_EVENT_ORDER_REQUIRED
TPHW-A8163B6F86459B619A45,TP07F392,04:DB30:0:1:0,0x025B30,8C4543,STY,ABS,WRITE,2,0,$4345,EXACT_START_PLUS_DBR_OR_LONG_BANK_PLUS_WIDTH_EXPANSION,BUS_EVENT_ORDER_REQUIRED
TPHW-EFE303D82814EFAAEFFD,TP07F392,04:DB30:0:1:0,0x025B30,8C4543,STY,ABS,WRITE,2,1,$4346,EXACT_START_PLUS_DBR_OR_LONG_BANK_PLUS_WIDTH_EXPANSION,BUS_EVENT_ORDER_REQUIRED
TPHW-85C5F74C28F8E526EA34,TP07F392,04:DB35:0:1:0,0x025B35,8D0B42,STA,ABS,WRITE,1,0,$420B,EXACT_START_PLUS_DBR_OR_LONG_BANK_PLUS_WIDTH_EXPANSION,BUS_EVENT_ORDER_REQUIRED
TPHW-41C75A294CA605DBD40D,TP07F392,04:DB6D:0:1:0,0x025B6D,9C0B42,STZ,ABS,WRITE,1,0,$420B,EXACT_START_PLUS_DBR_OR_LONG_BANK_PLUS_WIDTH_EXPANSION,BUS_EVENT_ORDER_REQUIRED
TPHW-915EBE9615B6E78978CD,TP07F392,04:DB72:0:1:0,0x025B72,8D4043,STA,ABS,WRITE,1,0,$4340,EXACT_START_PLUS_DBR_OR_LONG_BANK_PLUS_WIDTH_EXPANSION,BUS_EVENT_ORDER_REQUIRED
TPHW-C184C6269F1C17E33502,TP07F392,04:DB77:0:1:0,0x025B77,8D4143,STA,ABS,WRITE,1,0,$4341,EXACT_START_PLUS_DBR_OR_LONG_BANK_PLUS_WIDTH_EXPANSION,BUS_EVENT_ORDER_REQUIRED
TPHW-C08B70FEDF0E683BF979,TP07F392,04:DB7D:0:1:0,0x025B7D,8C4243,STY,ABS,WRITE,2,0,$4342,EXACT_START_PLUS_DBR_OR_LONG_BANK_PLUS_WIDTH_EXPANSION,BUS_EVENT_ORDER_REQUIRED
TPHW-62267C10D2B90B66F8D1,TP07F392,04:DB7D:0:1:0,0x025B7D,8C4243,STY,ABS,WRITE,2,1,$4343,EXACT_START_PLUS_DBR_OR_LONG_BANK_PLUS_WIDTH_EXPANSION,BUS_EVENT_ORDER_REQUIRED
TPHW-008A71CEF0236EE048D9,TP07F392,04:DB82:0:1:0,0x025B82,8D4443,STA,ABS,WRITE,1,0,$4344,EXACT_START_PLUS_DBR_OR_LONG_BANK_PLUS_WIDTH_EXPANSION,BUS_EVENT_ORDER_REQUIRED
TPHW-6B91A9CE144E51744139,TP07F392,04:DB88:0:1:0,0x025B88,8C4543,STY,ABS,WRITE,2,0,$4345,EXACT_START_PLUS_DBR_OR_LONG_BANK_PLUS_WIDTH_EXPANSION,BUS_EVENT_ORDER_REQUIRED
TPHW-32BD389877D54594B6C5,TP07F392,04:DB88:0:1:0,0x025B88,8C4543,STY,ABS,WRITE,2,1,$4346,EXACT_START_PLUS_DBR_OR_LONG_BANK_PLUS_WIDTH_EXPANSION,BUS_EVENT_ORDER_REQUIRED
TPHW-419B160840EBA1062750,TP07F392,04:DB8D:0:1:0,0x025B8D,8D0B42,STA,ABS,WRITE,1,0,$420B,EXACT_START_PLUS_DBR_OR_LONG_BANK_PLUS_WIDTH_EXPANSION,BUS_EVENT_ORDER_REQUIRED
TPHW-0061CDC237BE912372C6,TP07F392,04:DBBC:0:1:0,0x025BBC,9C0B42,STZ,ABS,WRITE,1,0,$420B,EXACT_START_PLUS_DBR_OR_LONG_BANK_PLUS_WIDTH_EXPANSION,BUS_EVENT_ORDER_REQUIRED
TPHW-CB4D0AC86148657EDF36,TP07F392,04:DBC1:0:1:0,0x025BC1,8D4043,STA,ABS,WRITE,1,0,$4340,EXACT_START_PLUS_DBR_OR_LONG_BANK_PLUS_WIDTH_EXPANSION,BUS_EVENT_ORDER_REQUIRED
TPHW-0D7ECF858CC6434B0156,TP07F392,04:DBC6:0:1:0,0x025BC6,8D4143,STA,ABS,WRITE,1,0,$4341,EXACT_START_PLUS_DBR_OR_LONG_BANK_PLUS_WIDTH_EXPANSION,BUS_EVENT_ORDER_REQUIRED
TPHW-486B7763A98ADB5170BB,TP07F392,04:DBCC:0:1:0,0x025BCC,8C4243,STY,ABS,WRITE,2,0,$4342,EXACT_START_PLUS_DBR_OR_LONG_BANK_PLUS_WIDTH_EXPANSION,BUS_EVENT_ORDER_REQUIRED
TPHW-821A6F422BB8E4141A54,TP07F392,04:DBCC:0:1:0,0x025BCC,8C4243,STY,ABS,WRITE,2,1,$4343,EXACT_START_PLUS_DBR_OR_LONG_BANK_PLUS_WIDTH_EXPANSION,BUS_EVENT_ORDER_REQUIRED
TPHW-850E8A38C0FBCC3177F0,TP07F392,04:DBD1:0:1:0,0x025BD1,8D4443,STA,ABS,WRITE,1,0,$4344,EXACT_START_PLUS_DBR_OR_LONG_BANK_PLUS_WIDTH_EXPANSION,BUS_EVENT_ORDER_REQUIRED
TPHW-889C75952B9FD25069AA,TP07F392,04:DBD7:0:1:0,0x025BD7,8C4543,STY,ABS,WRITE,2,0,$4345,EXACT_START_PLUS_DBR_OR_LONG_BANK_PLUS_WIDTH_EXPANSION,BUS_EVENT_ORDER_REQUIRED
TPHW-7460281AB001FE84A60F,TP07F392,04:DBD7:0:1:0,0x025BD7,8C4543,STY,ABS,WRITE,2,1,$4346,EXACT_START_PLUS_DBR_OR_LONG_BANK_PLUS_WIDTH_EXPANSION,BUS_EVENT_ORDER_REQUIRED
TPHW-2609BB339FE4C2DEE977,TP07F392,04:DBDC:0:1:0,0x025BDC,8D0B42,STA,ABS,WRITE,1,0,$420B,EXACT_START_PLUS_DBR_OR_LONG_BANK_PLUS_WIDTH_EXPANSION,BUS_EVENT_ORDER_REQUIRED
TPHW-796F3079398FF2AEEE72,TP07F392,04:DC0B:0:1:0,0x025C0B,9C0B42,STZ,ABS,WRITE,1,0,$420B,EXACT_START_PLUS_DBR_OR_LONG_BANK_PLUS_WIDTH_EXPANSION,BUS_EVENT_ORDER_REQUIRED
TPHW-D9E6FA3E3115DD39B196,TP07F392,04:DC10:0:1:0,0x025C10,8D4043,STA,ABS,WRITE,1,0,$4340,EXACT_START_PLUS_DBR_OR_LONG_BANK_PLUS_WIDTH_EXPANSION,BUS_EVENT_ORDER_REQUIRED
TPHW-89F3BFADD38D70632C16,TP07F392,04:DC15:0:1:0,0x025C15,8D4143,STA,ABS,WRITE,1,0,$4341,EXACT_START_PLUS_DBR_OR_LONG_BANK_PLUS_WIDTH_EXPANSION,BUS_EVENT_ORDER_REQUIRED
TPHW-C7324F7084CCA74C533A,TP07F392,04:DC1B:0:1:0,0x025C1B,8C4243,STY,ABS,WRITE,2,0,$4342,EXACT_START_PLUS_DBR_OR_LONG_BANK_PLUS_WIDTH_EXPANSION,BUS_EVENT_ORDER_REQUIRED
TPHW-3A58C441CE286187C97D,TP07F392,04:DC1B:0:1:0,0x025C1B,8C4243,STY,ABS,WRITE,2,1,$4343,EXACT_START_PLUS_DBR_OR_LONG_BANK_PLUS_WIDTH_EXPANSION,BUS_EVENT_ORDER_REQUIRED
TPHW-631C9EF0309C7DF952E4,TP07F392,04:DC20:0:1:0,0x025C20,8D4443,STA,ABS,WRITE,1,0,$4344,EXACT_START_PLUS_DBR_OR_LONG_BANK_PLUS_WIDTH_EXPANSION,BUS_EVENT_ORDER_REQUIRED
TPHW-D94C4206B9CAC1208365,TP07F392,04:DC26:0:1:0,0x025C26,8C4543,STY,ABS,WRITE,2,0,$4345,EXACT_START_PLUS_DBR_OR_LONG_BANK_PLUS_WIDTH_EXPANSION,BUS_EVENT_ORDER_REQUIRED
TPHW-FA4ABA8FB9E42A2E6C37,TP07F392,04:DC26:0:1:0,0x025C26,8C4543,STY,ABS,WRITE,2,1,$4346,EXACT_START_PLUS_DBR_OR_LONG_BANK_PLUS_WIDTH_EXPANSION,BUS_EVENT_ORDER_REQUIRED
TPHW-E505710A88B0FE431958,TP07F392,04:DC2B:0:1:0,0x025C2B,8D0B42,STA,ABS,WRITE,1,0,$420B,EXACT_START_PLUS_DBR_OR_LONG_BANK_PLUS_WIDTH_EXPANSION,BUS_EVENT_ORDER_REQUIRED
TPHW-56EAAC73FED6F452B54F,TP07F392,04:DC5A:0:1:0,0x025C5A,9C0B42,STZ,ABS,WRITE,1,0,$420B,EXACT_START_PLUS_DBR_OR_LONG_BANK_PLUS_WIDTH_EXPANSION,BUS_EVENT_ORDER_REQUIRED
TPHW-C1D9BCCE4897E671CCB8,TP07F392,04:DC5F:0:1:0,0x025C5F,8D4043,STA,ABS,WRITE,1,0,$4340,EXACT_START_PLUS_DBR_OR_LONG_BANK_PLUS_WIDTH_EXPANSION,BUS_EVENT_ORDER_REQUIRED
TPHW-077195FB99551204BB5A,TP07F392,04:DC64:0:1:0,0x025C64,8D4143,STA,ABS,WRITE,1,0,$4341,EXACT_START_PLUS_DBR_OR_LONG_BANK_PLUS_WIDTH_EXPANSION,BUS_EVENT_ORDER_REQUIRED
TPHW-9AD24C85CC0235602DD3,TP07F392,04:DC6A:0:1:0,0x025C6A,8C4243,STY,ABS,WRITE,2,0,$4342,EXACT_START_PLUS_DBR_OR_LONG_BANK_PLUS_WIDTH_EXPANSION,BUS_EVENT_ORDER_REQUIRED
TPHW-29566D172CA72B78250B,TP07F392,04:DC6A:0:1:0,0x025C6A,8C4243,STY,ABS,WRITE,2,1,$4343,EXACT_START_PLUS_DBR_OR_LONG_BANK_PLUS_WIDTH_EXPANSION,BUS_EVENT_ORDER_REQUIRED
TPHW-45F50FC19046548AD0E0,TP07F392,04:DC6F:0:1:0,0x025C6F,8D4443,STA,ABS,WRITE,1,0,$4344,EXACT_START_PLUS_DBR_OR_LONG_BANK_PLUS_WIDTH_EXPANSION,BUS_EVENT_ORDER_REQUIRED
TPHW-8003811766CA36F0DB53,TP07F392,04:DC75:0:1:0,0x025C75,8C4543,STY,ABS,WRITE,2,0,$4345,EXACT_START_PLUS_DBR_OR_LONG_BANK_PLUS_WIDTH_EXPANSION,BUS_EVENT_ORDER_REQUIRED
TPHW-E92B554C712E29AD5FD9,TP07F392,04:DC75:0:1:0,0x025C75,8C4543,STY,ABS,WRITE,2,1,$4346,EXACT_START_PLUS_DBR_OR_LONG_BANK_PLUS_WIDTH_EXPANSION,BUS_EVENT_ORDER_REQUIRED
TPHW-F0D2076BE11379C07A37,TP07F392,04:DC7A:0:1:0,0x025C7A,8D0B42,STA,ABS,WRITE,1,0,$420B,EXACT_START_PLUS_DBR_OR_LONG_BANK_PLUS_WIDTH_EXPANSION,BUS_EVENT_ORDER_REQUIRED
TPHW-D3D8B26A6070200292EB,TP07F392,04:DCB2:0:1:0,0x025CB2,9C0B42,STZ,ABS,WRITE,1,0,$420B,EXACT_START_PLUS_DBR_OR_LONG_BANK_PLUS_WIDTH_EXPANSION,BUS_EVENT_ORDER_REQUIRED
TPHW-05AB95FA2BB4BED2F3BF,TP07F392,04:DCB7:0:1:0,0x025CB7,8D4043,STA,ABS,WRITE,1,0,$4340,EXACT_START_PLUS_DBR_OR_LONG_BANK_PLUS_WIDTH_EXPANSION,BUS_EVENT_ORDER_REQUIRED
TPHW-5E83AC7181F29C8CE347,TP07F392,04:DCBC:0:1:0,0x025CBC,8D4143,STA,ABS,WRITE,1,0,$4341,EXACT_START_PLUS_DBR_OR_LONG_BANK_PLUS_WIDTH_EXPANSION,BUS_EVENT_ORDER_REQUIRED
TPHW-42C8F100C7A35D62944C,TP07F392,04:DCC2:0:1:0,0x025CC2,8C4243,STY,ABS,WRITE,2,0,$4342,EXACT_START_PLUS_DBR_OR_LONG_BANK_PLUS_WIDTH_EXPANSION,BUS_EVENT_ORDER_REQUIRED
TPHW-6685A9A1F08EC4EE3A54,TP07F392,04:DCC2:0:1:0,0x025CC2,8C4243,STY,ABS,WRITE,2,1,$4343,EXACT_START_PLUS_DBR_OR_LONG_BANK_PLUS_WIDTH_EXPANSION,BUS_EVENT_ORDER_REQUIRED
TPHW-003358EA93E00C4DF7EC,TP07F392,04:DCC7:0:1:0,0x025CC7,8D4443,STA,ABS,WRITE,1,0,$4344,EXACT_START_PLUS_DBR_OR_LONG_BANK_PLUS_WIDTH_EXPANSION,BUS_EVENT_ORDER_REQUIRED
TPHW-1EE898CE8CCEC401EB4E,TP07F392,04:DCCD:0:1:0,0x025CCD,8C4543,STY,ABS,WRITE,2,0,$4345,EXACT_START_PLUS_DBR_OR_LONG_BANK_PLUS_WIDTH_EXPANSION,BUS_EVENT_ORDER_REQUIRED
TPHW-66E393F3A9B40813E3CD,TP07F392,04:DCCD:0:1:0,0x025CCD,8C4543,STY,ABS,WRITE,2,1,$4346,EXACT_START_PLUS_DBR_OR_LONG_BANK_PLUS_WIDTH_EXPANSION,BUS_EVENT_ORDER_REQUIRED
TPHW-AB9F33F9033E268463EA,TP07F392,04:DCD2:0:1:0,0x025CD2,8D0B42,STA,ABS,WRITE,1,0,$420B,EXACT_START_PLUS_DBR_OR_LONG_BANK_PLUS_WIDTH_EXPANSION,BUS_EVENT_ORDER_REQUIRED
TPHW-4B42075EDE9E2FDEC039,TP07F392,04:DD01:0:1:0,0x025D01,9C0B42,STZ,ABS,WRITE,1,0,$420B,EXACT_START_PLUS_DBR_OR_LONG_BANK_PLUS_WIDTH_EXPANSION,BUS_EVENT_ORDER_REQUIRED
TPHW-3F43616F6A46192DCCD3,TP07F392,04:DD06:0:1:0,0x025D06,8D4043,STA,ABS,WRITE,1,0,$4340,EXACT_START_PLUS_DBR_OR_LONG_BANK_PLUS_WIDTH_EXPANSION,BUS_EVENT_ORDER_REQUIRED
TPHW-13408760D78302F13F8C,TP07F392,04:DD0B:0:1:0,0x025D0B,8D4143,STA,ABS,WRITE,1,0,$4341,EXACT_START_PLUS_DBR_OR_LONG_BANK_PLUS_WIDTH_EXPANSION,BUS_EVENT_ORDER_REQUIRED
TPHW-C34A0A8434FE6C9F6701,TP07F392,04:DD11:0:1:0,0x025D11,8C4243,STY,ABS,WRITE,2,0,$4342,EXACT_START_PLUS_DBR_OR_LONG_BANK_PLUS_WIDTH_EXPANSION,BUS_EVENT_ORDER_REQUIRED
TPHW-AC4412312E4D5FC07862,TP07F392,04:DD11:0:1:0,0x025D11,8C4243,STY,ABS,WRITE,2,1,$4343,EXACT_START_PLUS_DBR_OR_LONG_BANK_PLUS_WIDTH_EXPANSION,BUS_EVENT_ORDER_REQUIRED
TPHW-E950DD5373110DFB23D8,TP07F392,04:DD16:0:1:0,0x025D16,8D4443,STA,ABS,WRITE,1,0,$4344,EXACT_START_PLUS_DBR_OR_LONG_BANK_PLUS_WIDTH_EXPANSION,BUS_EVENT_ORDER_REQUIRED
TPHW-1A43F56F2C574E5A4A6C,TP07F392,04:DD1C:0:1:0,0x025D1C,8C4543,STY,ABS,WRITE,2,0,$4345,EXACT_START_PLUS_DBR_OR_LONG_BANK_PLUS_WIDTH_EXPANSION,BUS_EVENT_ORDER_REQUIRED
TPHW-4B0F68FD82D77EB90464,TP07F392,04:DD1C:0:1:0,0x025D1C,8C4543,STY,ABS,WRITE,2,1,$4346,EXACT_START_PLUS_DBR_OR_LONG_BANK_PLUS_WIDTH_EXPANSION,BUS_EVENT_ORDER_REQUIRED
TPHW-5213A36FE5F2A5E7A1B6,TP07F392,04:DD21:0:1:0,0x025D21,8D0B42,STA,ABS,WRITE,1,0,$420B,EXACT_START_PLUS_DBR_OR_LONG_BANK_PLUS_WIDTH_EXPANSION,BUS_EVENT_ORDER_REQUIRED
TPHW-2F2A18667CE184C6B285,TP07F392,04:DD59:0:1:0,0x025D59,9C0B42,STZ,ABS,WRITE,1,0,$420B,EXACT_START_PLUS_DBR_OR_LONG_BANK_PLUS_WIDTH_EXPANSION,BUS_EVENT_ORDER_REQUIRED
TPHW-D5CDA3BAE4B4C8FA12F2,TP07F392,04:DD5E:0:1:0,0x025D5E,8D4043,STA,ABS,WRITE,1,0,$4340,EXACT_START_PLUS_DBR_OR_LONG_BANK_PLUS_WIDTH_EXPANSION,BUS_EVENT_ORDER_REQUIRED
TPHW-5F1A04A9B986CA4E2ECB,TP07F392,04:DD63:0:1:0,0x025D63,8D4143,STA,ABS,WRITE,1,0,$4341,EXACT_START_PLUS_DBR_OR_LONG_BANK_PLUS_WIDTH_EXPANSION,BUS_EVENT_ORDER_REQUIRED
TPHW-CE3B2FE5907A1F70F7C8,TP07F392,04:DD69:0:1:0,0x025D69,8C4243,STY,ABS,WRITE,2,0,$4342,EXACT_START_PLUS_DBR_OR_LONG_BANK_PLUS_WIDTH_EXPANSION,BUS_EVENT_ORDER_REQUIRED
TPHW-6ED898DDA764CA2B3C56,TP07F392,04:DD69:0:1:0,0x025D69,8C4243,STY,ABS,WRITE,2,1,$4343,EXACT_START_PLUS_DBR_OR_LONG_BANK_PLUS_WIDTH_EXPANSION,BUS_EVENT_ORDER_REQUIRED
TPHW-A451FF923FCCF6021F25,TP07F392,04:DD6E:0:1:0,0x025D6E,8D4443,STA,ABS,WRITE,1,0,$4344,EXACT_START_PLUS_DBR_OR_LONG_BANK_PLUS_WIDTH_EXPANSION,BUS_EVENT_ORDER_REQUIRED
TPHW-13362B051F7B0FEDF42F,TP07F392,04:DD74:0:1:0,0x025D74,8C4543,STY,ABS,WRITE,2,0,$4345,EXACT_START_PLUS_DBR_OR_LONG_BANK_PLUS_WIDTH_EXPANSION,BUS_EVENT_ORDER_REQUIRED
TPHW-54618F09D7E1B7164981,TP07F392,04:DD74:0:1:0,0x025D74,8C4543,STY,ABS,WRITE,2,1,$4346,EXACT_START_PLUS_DBR_OR_LONG_BANK_PLUS_WIDTH_EXPANSION,BUS_EVENT_ORDER_REQUIRED
TPHW-2E06DBCAC8DCEFCD05C9,TP07F392,04:DD79:0:1:0,0x025D79,8D0B42,STA,ABS,WRITE,1,0,$420B,EXACT_START_PLUS_DBR_OR_LONG_BANK_PLUS_WIDTH_EXPANSION,BUS_EVENT_ORDER_REQUIRED
TPHW-1C829E75791695D3BF58,TP07F328,06:BA5D:0:1:0,0x033A5D,9C0B42,STZ,ABS,WRITE,1,0,$420B,EXACT_START_PLUS_DBR_OR_LONG_BANK_PLUS_WIDTH_EXPANSION,BUS_EVENT_ORDER_REQUIRED
TPHW-85FE3EA5FC41CB28DCAF,TP07F328,06:BA62:0:1:0,0x033A62,8D4043,STA,ABS,WRITE,1,0,$4340,EXACT_START_PLUS_DBR_OR_LONG_BANK_PLUS_WIDTH_EXPANSION,BUS_EVENT_ORDER_REQUIRED
TPHW-D8D3E3C166CC7C8D18B3,TP07F328,06:BA67:0:1:0,0x033A67,8D4143,STA,ABS,WRITE,1,0,$4341,EXACT_START_PLUS_DBR_OR_LONG_BANK_PLUS_WIDTH_EXPANSION,BUS_EVENT_ORDER_REQUIRED
TPHW-740E0CA0E65D29D23447,TP07F328,06:BA6D:0:1:0,0x033A6D,8E4243,STX,ABS,WRITE,2,0,$4342,EXACT_START_PLUS_DBR_OR_LONG_BANK_PLUS_WIDTH_EXPANSION,BUS_EVENT_ORDER_REQUIRED
TPHW-EDD1BA4B1BD90D4EF6BE,TP07F328,06:BA6D:0:1:0,0x033A6D,8E4243,STX,ABS,WRITE,2,1,$4343,EXACT_START_PLUS_DBR_OR_LONG_BANK_PLUS_WIDTH_EXPANSION,BUS_EVENT_ORDER_REQUIRED
TPHW-5F140D1BA4C6B99CB4E9,TP07F328,06:BA72:0:1:0,0x033A72,8D4443,STA,ABS,WRITE,1,0,$4344,EXACT_START_PLUS_DBR_OR_LONG_BANK_PLUS_WIDTH_EXPANSION,BUS_EVENT_ORDER_REQUIRED
TPHW-3AD73237EEB5AF6E467D,TP07F328,06:BA78:0:1:0,0x033A78,8E4543,STX,ABS,WRITE,2,0,$4345,EXACT_START_PLUS_DBR_OR_LONG_BANK_PLUS_WIDTH_EXPANSION,BUS_EVENT_ORDER_REQUIRED
TPHW-12DF3BC142F4C75464F8,TP07F328,06:BA78:0:1:0,0x033A78,8E4543,STX,ABS,WRITE,2,1,$4346,EXACT_START_PLUS_DBR_OR_LONG_BANK_PLUS_WIDTH_EXPANSION,BUS_EVENT_ORDER_REQUIRED
TPHW-6799AE90850A5F53D90A,TP07F328,06:BA7D:0:1:0,0x033A7D,8D0B42,STA,ABS,WRITE,1,0,$420B,EXACT_START_PLUS_DBR_OR_LONG_BANK_PLUS_WIDTH_EXPANSION,BUS_EVENT_ORDER_REQUIRED
TPHW-4696D218649CE5D404A7,TP07F328,06:BAA3:0:1:0,0x033AA3,9C0B42,STZ,ABS,WRITE,1,0,$420B,EXACT_START_PLUS_DBR_OR_LONG_BANK_PLUS_WIDTH_EXPANSION,BUS_EVENT_ORDER_REQUIRED
TPHW-AB8734A921E63C0904DB,TP07F328,06:BAA8:0:1:0,0x033AA8,8D4043,STA,ABS,WRITE,1,0,$4340,EXACT_START_PLUS_DBR_OR_LONG_BANK_PLUS_WIDTH_EXPANSION,BUS_EVENT_ORDER_REQUIRED
TPHW-FF83260ED4FF2C11C2BE,TP07F328,06:BAAD:0:1:0,0x033AAD,8D4143,STA,ABS,WRITE,1,0,$4341,EXACT_START_PLUS_DBR_OR_LONG_BANK_PLUS_WIDTH_EXPANSION,BUS_EVENT_ORDER_REQUIRED
TPHW-A540966B8D0961F6160D,TP07F328,06:BAB3:0:1:0,0x033AB3,8E4243,STX,ABS,WRITE,2,0,$4342,EXACT_START_PLUS_DBR_OR_LONG_BANK_PLUS_WIDTH_EXPANSION,BUS_EVENT_ORDER_REQUIRED
TPHW-826A0F0A03B824E4B751,TP07F328,06:BAB3:0:1:0,0x033AB3,8E4243,STX,ABS,WRITE,2,1,$4343,EXACT_START_PLUS_DBR_OR_LONG_BANK_PLUS_WIDTH_EXPANSION,BUS_EVENT_ORDER_REQUIRED
TPHW-5A12312EA9BE7CEA5B91,TP07F328,06:BAB8:0:1:0,0x033AB8,8D4443,STA,ABS,WRITE,1,0,$4344,EXACT_START_PLUS_DBR_OR_LONG_BANK_PLUS_WIDTH_EXPANSION,BUS_EVENT_ORDER_REQUIRED
TPHW-C70087675AB1724E7B1B,TP07F328,06:BABE:0:1:0,0x033ABE,8E4543,STX,ABS,WRITE,2,0,$4345,EXACT_START_PLUS_DBR_OR_LONG_BANK_PLUS_WIDTH_EXPANSION,BUS_EVENT_ORDER_REQUIRED
TPHW-8362BC3A92E86E3A81EE,TP07F328,06:BABE:0:1:0,0x033ABE,8E4543,STX,ABS,WRITE,2,1,$4346,EXACT_START_PLUS_DBR_OR_LONG_BANK_PLUS_WIDTH_EXPANSION,BUS_EVENT_ORDER_REQUIRED
TPHW-9F2C4D644112C357DED6,TP07F328,06:BAC3:0:1:0,0x033AC3,8D0B42,STA,ABS,WRITE,1,0,$420B,EXACT_START_PLUS_DBR_OR_LONG_BANK_PLUS_WIDTH_EXPANSION,BUS_EVENT_ORDER_REQUIRED
TPHW-CE601C503C4DB8F6387D,TP07F328,06:BAEC:0:1:0,0x033AEC,9C0B42,STZ,ABS,WRITE,1,0,$420B,EXACT_START_PLUS_DBR_OR_LONG_BANK_PLUS_WIDTH_EXPANSION,BUS_EVENT_ORDER_REQUIRED
TPHW-8B98F550906F55BEB803,TP07F328,06:BAF1:0:1:0,0x033AF1,8D4043,STA,ABS,WRITE,1,0,$4340,EXACT_START_PLUS_DBR_OR_LONG_BANK_PLUS_WIDTH_EXPANSION,BUS_EVENT_ORDER_REQUIRED
TPHW-6C77444BCD51458E7AB8,TP07F328,06:BAF6:0:1:0,0x033AF6,8D4143,STA,ABS,WRITE,1,0,$4341,EXACT_START_PLUS_DBR_OR_LONG_BANK_PLUS_WIDTH_EXPANSION,BUS_EVENT_ORDER_REQUIRED
TPHW-9184F0193B51510E24F4,TP07F328,06:BAFC:0:1:0,0x033AFC,8E4243,STX,ABS,WRITE,2,0,$4342,EXACT_START_PLUS_DBR_OR_LONG_BANK_PLUS_WIDTH_EXPANSION,BUS_EVENT_ORDER_REQUIRED
TPHW-338061B5C3A77CD7F26A,TP07F328,06:BAFC:0:1:0,0x033AFC,8E4243,STX,ABS,WRITE,2,1,$4343,EXACT_START_PLUS_DBR_OR_LONG_BANK_PLUS_WIDTH_EXPANSION,BUS_EVENT_ORDER_REQUIRED
TPHW-E863247BF7FD169BDEE2,TP07F328,06:BB01:0:1:0,0x033B01,8D4443,STA,ABS,WRITE,1,0,$4344,EXACT_START_PLUS_DBR_OR_LONG_BANK_PLUS_WIDTH_EXPANSION,BUS_EVENT_ORDER_REQUIRED
TPHW-14B34561CFF29CCC4D1F,TP07F328,06:BB07:0:1:0,0x033B07,8E4543,STX,ABS,WRITE,2,0,$4345,EXACT_START_PLUS_DBR_OR_LONG_BANK_PLUS_WIDTH_EXPANSION,BUS_EVENT_ORDER_REQUIRED
TPHW-FE2CA1211B8AA74F2B57,TP07F328,06:BB07:0:1:0,0x033B07,8E4543,STX,ABS,WRITE,2,1,$4346,EXACT_START_PLUS_DBR_OR_LONG_BANK_PLUS_WIDTH_EXPANSION,BUS_EVENT_ORDER_REQUIRED
TPHW-59BF057726DAE8736E44,TP07F328,06:BB0C:0:1:0,0x033B0C,8D0B42,STA,ABS,WRITE,1,0,$420B,EXACT_START_PLUS_DBR_OR_LONG_BANK_PLUS_WIDTH_EXPANSION,BUS_EVENT_ORDER_REQUIRED
TPHW-AFD5BA109BFE4D63527A,TP07F328,06:BB35:0:1:0,0x033B35,9C0B42,STZ,ABS,WRITE,1,0,$420B,EXACT_START_PLUS_DBR_OR_LONG_BANK_PLUS_WIDTH_EXPANSION,BUS_EVENT_ORDER_REQUIRED
TPHW-001E50D2CC684C0DA758,TP07F328,06:BB3A:0:1:0,0x033B3A,8D4043,STA,ABS,WRITE,1,0,$4340,EXACT_START_PLUS_DBR_OR_LONG_BANK_PLUS_WIDTH_EXPANSION,BUS_EVENT_ORDER_REQUIRED
TPHW-450BC36C961E249CAA17,TP07F328,06:BB3F:0:1:0,0x033B3F,8D4143,STA,ABS,WRITE,1,0,$4341,EXACT_START_PLUS_DBR_OR_LONG_BANK_PLUS_WIDTH_EXPANSION,BUS_EVENT_ORDER_REQUIRED
TPHW-A7C1FCEBE7AC6202E128,TP07F328,06:BB45:0:1:0,0x033B45,8E4243,STX,ABS,WRITE,2,0,$4342,EXACT_START_PLUS_DBR_OR_LONG_BANK_PLUS_WIDTH_EXPANSION,BUS_EVENT_ORDER_REQUIRED
TPHW-12D3521BE223DE571846,TP07F328,06:BB45:0:1:0,0x033B45,8E4243,STX,ABS,WRITE,2,1,$4343,EXACT_START_PLUS_DBR_OR_LONG_BANK_PLUS_WIDTH_EXPANSION,BUS_EVENT_ORDER_REQUIRED
TPHW-3B78084FD987AD26949B,TP07F328,06:BB4A:0:1:0,0x033B4A,8D4443,STA,ABS,WRITE,1,0,$4344,EXACT_START_PLUS_DBR_OR_LONG_BANK_PLUS_WIDTH_EXPANSION,BUS_EVENT_ORDER_REQUIRED
TPHW-392F069B5D6794C669FB,TP07F328,06:BB50:0:1:0,0x033B50,8E4543,STX,ABS,WRITE,2,0,$4345,EXACT_START_PLUS_DBR_OR_LONG_BANK_PLUS_WIDTH_EXPANSION,BUS_EVENT_ORDER_REQUIRED
TPHW-BDEF82D42D868D006563,TP07F328,06:BB50:0:1:0,0x033B50,8E4543,STX,ABS,WRITE,2,1,$4346,EXACT_START_PLUS_DBR_OR_LONG_BANK_PLUS_WIDTH_EXPANSION,BUS_EVENT_ORDER_REQUIRED
TPHW-1B9E221AB2F873E477E6,TP07F328,06:BB55:0:1:0,0x033B55,8D0B42,STA,ABS,WRITE,1,0,$420B,EXACT_START_PLUS_DBR_OR_LONG_BANK_PLUS_WIDTH_EXPANSION,BUS_EVENT_ORDER_REQUIRED
TPHW-96F8D3CE823AD2CA7C15,TP07F328,06:BB7E:0:1:0,0x033B7E,9C0B42,STZ,ABS,WRITE,1,0,$420B,EXACT_START_PLUS_DBR_OR_LONG_BANK_PLUS_WIDTH_EXPANSION,BUS_EVENT_ORDER_REQUIRED
TPHW-40E70829E7508DE86F6F,TP07F328,06:BB83:0:1:0,0x033B83,8D4043,STA,ABS,WRITE,1,0,$4340,EXACT_START_PLUS_DBR_OR_LONG_BANK_PLUS_WIDTH_EXPANSION,BUS_EVENT_ORDER_REQUIRED
TPHW-343D276FD278F06A2D8C,TP07F328,06:BB88:0:1:0,0x033B88,8D4143,STA,ABS,WRITE,1,0,$4341,EXACT_START_PLUS_DBR_OR_LONG_BANK_PLUS_WIDTH_EXPANSION,BUS_EVENT_ORDER_REQUIRED
TPHW-0E5DBFE19A4CCE9DDE68,TP07F328,06:BB8E:0:1:0,0x033B8E,8E4243,STX,ABS,WRITE,2,0,$4342,EXACT_START_PLUS_DBR_OR_LONG_BANK_PLUS_WIDTH_EXPANSION,BUS_EVENT_ORDER_REQUIRED
TPHW-F331C417C543FD541EE6,TP07F328,06:BB8E:0:1:0,0x033B8E,8E4243,STX,ABS,WRITE,2,1,$4343,EXACT_START_PLUS_DBR_OR_LONG_BANK_PLUS_WIDTH_EXPANSION,BUS_EVENT_ORDER_REQUIRED
TPHW-18A119C1954A2A261FFC,TP07F328,06:BB93:0:1:0,0x033B93,8D4443,STA,ABS,WRITE,1,0,$4344,EXACT_START_PLUS_DBR_OR_LONG_BANK_PLUS_WIDTH_EXPANSION,BUS_EVENT_ORDER_REQUIRED
TPHW-F9ADFA944155459A7B83,TP07F328,06:BB99:0:1:0,0x033B99,8E4543,STX,ABS,WRITE,2,0,$4345,EXACT_START_PLUS_DBR_OR_LONG_BANK_PLUS_WIDTH_EXPANSION,BUS_EVENT_ORDER_REQUIRED
TPHW-F497FD3B844F44D104BC,TP07F328,06:BB99:0:1:0,0x033B99,8E4543,STX,ABS,WRITE,2,1,$4346,EXACT_START_PLUS_DBR_OR_LONG_BANK_PLUS_WIDTH_EXPANSION,BUS_EVENT_ORDER_REQUIRED
TPHW-7E3B2A8F78066CEF668D,TP07F328,06:BB9E:0:1:0,0x033B9E,8D0B42,STA,ABS,WRITE,1,0,$420B,EXACT_START_PLUS_DBR_OR_LONG_BANK_PLUS_WIDTH_EXPANSION,BUS_EVENT_ORDER_REQUIRED
TPHW-0B08C36FD067ED69F5B3,TP07F305,06:E146:0:1:0,0x036146,9C0B42,STZ,ABS,WRITE,1,0,$420B,EXACT_START_PLUS_DBR_OR_LONG_BANK_PLUS_WIDTH_EXPANSION,BUS_EVENT_ORDER_REQUIRED
TPHW-49B11D6F79CE8F2F07C4,TP07F305,06:E14B:0:1:0,0x03614B,8D3043,STA,ABS,WRITE,1,0,$4330,EXACT_START_PLUS_DBR_OR_LONG_BANK_PLUS_WIDTH_EXPANSION,BUS_EVENT_ORDER_REQUIRED
TPHW-C174D6119393A68FD076,TP07F305,06:E150:0:1:0,0x036150,8D3143,STA,ABS,WRITE,1,0,$4331,EXACT_START_PLUS_DBR_OR_LONG_BANK_PLUS_WIDTH_EXPANSION,BUS_EVENT_ORDER_REQUIRED
TPHW-03664CB153C6A245A015,TP07F305,06:E156:0:1:0,0x036156,8E3243,STX,ABS,WRITE,2,0,$4332,EXACT_START_PLUS_DBR_OR_LONG_BANK_PLUS_WIDTH_EXPANSION,BUS_EVENT_ORDER_REQUIRED
TPHW-8752B3B1EFCFE1781904,TP07F305,06:E156:0:1:0,0x036156,8E3243,STX,ABS,WRITE,2,1,$4333,EXACT_START_PLUS_DBR_OR_LONG_BANK_PLUS_WIDTH_EXPANSION,BUS_EVENT_ORDER_REQUIRED
TPHW-92F77FAA36468E315CD9,TP07F305,06:E15B:0:1:0,0x03615B,8D3443,STA,ABS,WRITE,1,0,$4334,EXACT_START_PLUS_DBR_OR_LONG_BANK_PLUS_WIDTH_EXPANSION,BUS_EVENT_ORDER_REQUIRED
TPHW-39CEE333901273F16687,TP07F305,06:E161:0:1:0,0x036161,8E3543,STX,ABS,WRITE,2,0,$4335,EXACT_START_PLUS_DBR_OR_LONG_BANK_PLUS_WIDTH_EXPANSION,BUS_EVENT_ORDER_REQUIRED
TPHW-44538663F87961D044B2,TP07F305,06:E161:0:1:0,0x036161,8E3543,STX,ABS,WRITE,2,1,$4336,EXACT_START_PLUS_DBR_OR_LONG_BANK_PLUS_WIDTH_EXPANSION,BUS_EVENT_ORDER_REQUIRED
TPHW-C0D65821637A7F719717,TP07F305,06:E166:0:1:0,0x036166,8D0B42,STA,ABS,WRITE,1,0,$420B,EXACT_START_PLUS_DBR_OR_LONG_BANK_PLUS_WIDTH_EXPANSION,BUS_EVENT_ORDER_REQUIRED
TPHW-0D0AC744358A02D3BF97,TP07F002,06:FBF7:0:1:0,0x037BF7,9C0B42,STZ,ABS,WRITE,1,0,$420B,EXACT_START_PLUS_DBR_OR_LONG_BANK_PLUS_WIDTH_EXPANSION,BUS_EVENT_ORDER_REQUIRED
TPHW-0F655E841FD46F766197,TP07F002,06:FBFC:0:1:0,0x037BFC,8D4043,STA,ABS,WRITE,1,0,$4340,EXACT_START_PLUS_DBR_OR_LONG_BANK_PLUS_WIDTH_EXPANSION,BUS_EVENT_ORDER_REQUIRED
TPHW-2638BB81400144D9224E,TP07F002,06:FC01:0:1:0,0x037C01,8D4143,STA,ABS,WRITE,1,0,$4341,EXACT_START_PLUS_DBR_OR_LONG_BANK_PLUS_WIDTH_EXPANSION,BUS_EVENT_ORDER_REQUIRED
TPHW-039543F2E6415A02C295,TP07F002,06:FC07:0:1:0,0x037C07,8E4243,STX,ABS,WRITE,2,0,$4342,EXACT_START_PLUS_DBR_OR_LONG_BANK_PLUS_WIDTH_EXPANSION,BUS_EVENT_ORDER_REQUIRED
TPHW-735682492994A261D9B2,TP07F002,06:FC07:0:1:0,0x037C07,8E4243,STX,ABS,WRITE,2,1,$4343,EXACT_START_PLUS_DBR_OR_LONG_BANK_PLUS_WIDTH_EXPANSION,BUS_EVENT_ORDER_REQUIRED
TPHW-08E02FAE5A311D7BF9FF,TP07F002,06:FC0C:0:1:0,0x037C0C,8D4443,STA,ABS,WRITE,1,0,$4344,EXACT_START_PLUS_DBR_OR_LONG_BANK_PLUS_WIDTH_EXPANSION,BUS_EVENT_ORDER_REQUIRED
TPHW-759A0A44DAA4A9509ACC,TP07F002,06:FC12:0:1:0,0x037C12,8E4543,STX,ABS,WRITE,2,0,$4345,EXACT_START_PLUS_DBR_OR_LONG_BANK_PLUS_WIDTH_EXPANSION,BUS_EVENT_ORDER_REQUIRED
TPHW-F3892FEC0813E0D3658C,TP07F002,06:FC12:0:1:0,0x037C12,8E4543,STX,ABS,WRITE,2,1,$4346,EXACT_START_PLUS_DBR_OR_LONG_BANK_PLUS_WIDTH_EXPANSION,BUS_EVENT_ORDER_REQUIRED
TPHW-6455E8F79A7964ADB4F2,TP07F002,06:FC17:0:1:0,0x037C17,8D0B42,STA,ABS,WRITE,1,0,$420B,EXACT_START_PLUS_DBR_OR_LONG_BANK_PLUS_WIDTH_EXPANSION,BUS_EVENT_ORDER_REQUIRED
TPHW-06726C47A1412101655B,TP07F012;TP07F023,07:8030:0:1:0,0x038030,9C0B42,STZ,ABS,WRITE,1,0,$420B,EXACT_START_PLUS_DBR_OR_LONG_BANK_PLUS_WIDTH_EXPANSION,BUS_EVENT_ORDER_REQUIRED
TPHW-45995D0D878A94AD499E,TP07F012;TP07F023,07:8035:0:1:0,0x038035,8D7043,STA,ABS,WRITE,1,0,$4370,EXACT_START_PLUS_DBR_OR_LONG_BANK_PLUS_WIDTH_EXPANSION,BUS_EVENT_ORDER_REQUIRED
TPHW-3DC205F6F0395559DF88,TP07F012;TP07F023,07:803A:0:1:0,0x03803A,8D7143,STA,ABS,WRITE,1,0,$4371,EXACT_START_PLUS_DBR_OR_LONG_BANK_PLUS_WIDTH_EXPANSION,BUS_EVENT_ORDER_REQUIRED
TPHW-AF460D201A784C29D694,TP07F012;TP07F023,07:8040:0:1:0,0x038040,8E7243,STX,ABS,WRITE,2,0,$4372,EXACT_START_PLUS_DBR_OR_LONG_BANK_PLUS_WIDTH_EXPANSION,BUS_EVENT_ORDER_REQUIRED
TPHW-B0706CC959E5B350D253,TP07F012;TP07F023,07:8040:0:1:0,0x038040,8E7243,STX,ABS,WRITE,2,1,$4373,EXACT_START_PLUS_DBR_OR_LONG_BANK_PLUS_WIDTH_EXPANSION,BUS_EVENT_ORDER_REQUIRED
TPHW-B0D232EF357DC9EFB1F9,TP07F012;TP07F023,07:8045:0:1:0,0x038045,8D7443,STA,ABS,WRITE,1,0,$4374,EXACT_START_PLUS_DBR_OR_LONG_BANK_PLUS_WIDTH_EXPANSION,BUS_EVENT_ORDER_REQUIRED
TPHW-671A3005C25C02AB6398,TP07F012;TP07F023,07:804B:0:1:0,0x03804B,8E7543,STX,ABS,WRITE,2,0,$4375,EXACT_START_PLUS_DBR_OR_LONG_BANK_PLUS_WIDTH_EXPANSION,BUS_EVENT_ORDER_REQUIRED
TPHW-B361F3C323DE5BE40B36,TP07F012;TP07F023,07:804B:0:1:0,0x03804B,8E7543,STX,ABS,WRITE,2,1,$4376,EXACT_START_PLUS_DBR_OR_LONG_BANK_PLUS_WIDTH_EXPANSION,BUS_EVENT_ORDER_REQUIRED
TPHW-2671B1E70E750EE09D3E,TP07F012;TP07F023,07:8050:0:1:0,0x038050,8D0B42,STA,ABS,WRITE,1,0,$420B,EXACT_START_PLUS_DBR_OR_LONG_BANK_PLUS_WIDTH_EXPANSION,BUS_EVENT_ORDER_REQUIRED
TPHW-21DE6F7AF8C64724D809,TP07F016;TP07F296,07:809C:0:1:0,0x03809C,9C0B42,STZ,ABS,WRITE,1,0,$420B,EXACT_START_PLUS_DBR_OR_LONG_BANK_PLUS_WIDTH_EXPANSION,BUS_EVENT_ORDER_REQUIRED
TPHW-99DD45007924D7F80855,TP07F016;TP07F296,07:80A1:0:1:0,0x0380A1,8D4043,STA,ABS,WRITE,1,0,$4340,EXACT_START_PLUS_DBR_OR_LONG_BANK_PLUS_WIDTH_EXPANSION,BUS_EVENT_ORDER_REQUIRED
TPHW-079E4424617D6FCEBF91,TP07F016;TP07F296,07:80A6:0:1:0,0x0380A6,8D4143,STA,ABS,WRITE,1,0,$4341,EXACT_START_PLUS_DBR_OR_LONG_BANK_PLUS_WIDTH_EXPANSION,BUS_EVENT_ORDER_REQUIRED
TPHW-99C0347752CB699EC33F,TP07F016;TP07F296,07:80AC:0:1:0,0x0380AC,8C4243,STY,ABS,WRITE,2,0,$4342,EXACT_START_PLUS_DBR_OR_LONG_BANK_PLUS_WIDTH_EXPANSION,BUS_EVENT_ORDER_REQUIRED
TPHW-658D6FF339B667AC7C7A,TP07F016;TP07F296,07:80AC:0:1:0,0x0380AC,8C4243,STY,ABS,WRITE,2,1,$4343,EXACT_START_PLUS_DBR_OR_LONG_BANK_PLUS_WIDTH_EXPANSION,BUS_EVENT_ORDER_REQUIRED
TPHW-DC1C29E40DDCEEFE9E2B,TP07F016;TP07F296,07:80B1:0:1:0,0x0380B1,8D4443,STA,ABS,WRITE,1,0,$4344,EXACT_START_PLUS_DBR_OR_LONG_BANK_PLUS_WIDTH_EXPANSION,BUS_EVENT_ORDER_REQUIRED
TPHW-E236F3E168C8DDD53698,TP07F016;TP07F296,07:80B7:0:1:0,0x0380B7,8C4543,STY,ABS,WRITE,2,0,$4345,EXACT_START_PLUS_DBR_OR_LONG_BANK_PLUS_WIDTH_EXPANSION,BUS_EVENT_ORDER_REQUIRED
TPHW-7638BC5142C3D905323A,TP07F016;TP07F296,07:80B7:0:1:0,0x0380B7,8C4543,STY,ABS,WRITE,2,1,$4346,EXACT_START_PLUS_DBR_OR_LONG_BANK_PLUS_WIDTH_EXPANSION,BUS_EVENT_ORDER_REQUIRED
TPHW-0FB232CC2EEB4E651B8A,TP07F016;TP07F296,07:80BC:0:1:0,0x0380BC,8D0B42,STA,ABS,WRITE,1,0,$420B,EXACT_START_PLUS_DBR_OR_LONG_BANK_PLUS_WIDTH_EXPANSION,BUS_EVENT_ORDER_REQUIRED
TPHW-6F94114771CA07B672C4,TP07F016;TP07F296,07:80D7:0:1:0,0x0380D7,9C0B42,STZ,ABS,WRITE,1,0,$420B,EXACT_START_PLUS_DBR_OR_LONG_BANK_PLUS_WIDTH_EXPANSION,BUS_EVENT_ORDER_REQUIRED
TPHW-D1CF57AE69AB0C081ED0,TP07F016;TP07F296,07:80DC:0:1:0,0x0380DC,8D4043,STA,ABS,WRITE,1,0,$4340,EXACT_START_PLUS_DBR_OR_LONG_BANK_PLUS_WIDTH_EXPANSION,BUS_EVENT_ORDER_REQUIRED
TPHW-700449B326F71854899F,TP07F016;TP07F296,07:80E1:0:1:0,0x0380E1,8D4143,STA,ABS,WRITE,1,0,$4341,EXACT_START_PLUS_DBR_OR_LONG_BANK_PLUS_WIDTH_EXPANSION,BUS_EVENT_ORDER_REQUIRED
TPHW-3C1625E9424169DA73B0,TP07F016;TP07F296,07:80E7:0:1:0,0x0380E7,8E4243,STX,ABS,WRITE,2,0,$4342,EXACT_START_PLUS_DBR_OR_LONG_BANK_PLUS_WIDTH_EXPANSION,BUS_EVENT_ORDER_REQUIRED
TPHW-B01B901287F6AF5409A9,TP07F016;TP07F296,07:80E7:0:1:0,0x0380E7,8E4243,STX,ABS,WRITE,2,1,$4343,EXACT_START_PLUS_DBR_OR_LONG_BANK_PLUS_WIDTH_EXPANSION,BUS_EVENT_ORDER_REQUIRED
TPHW-C5D2B9893F74A2F2D218,TP07F016;TP07F296,07:80EC:0:1:0,0x0380EC,8D4443,STA,ABS,WRITE,1,0,$4344,EXACT_START_PLUS_DBR_OR_LONG_BANK_PLUS_WIDTH_EXPANSION,BUS_EVENT_ORDER_REQUIRED
TPHW-118715512FEDA8DED4E2,TP07F016;TP07F296,07:80F2:0:1:0,0x0380F2,8E4543,STX,ABS,WRITE,2,0,$4345,EXACT_START_PLUS_DBR_OR_LONG_BANK_PLUS_WIDTH_EXPANSION,BUS_EVENT_ORDER_REQUIRED
TPHW-1518859F31158CD1A71F,TP07F016;TP07F296,07:80F2:0:1:0,0x0380F2,8E4543,STX,ABS,WRITE,2,1,$4346,EXACT_START_PLUS_DBR_OR_LONG_BANK_PLUS_WIDTH_EXPANSION,BUS_EVENT_ORDER_REQUIRED
TPHW-725CE692A874A2C0F192,TP07F016;TP07F296,07:80F7:0:1:0,0x0380F7,8D0B42,STA,ABS,WRITE,1,0,$420B,EXACT_START_PLUS_DBR_OR_LONG_BANK_PLUS_WIDTH_EXPANSION,BUS_EVENT_ORDER_REQUIRED
TPHW-2796C35433866552BE08,TP07F016;TP07F296,07:80FA:0:1:0,0x0380FA,9C0B42,STZ,ABS,WRITE,1,0,$420B,EXACT_START_PLUS_DBR_OR_LONG_BANK_PLUS_WIDTH_EXPANSION,BUS_EVENT_ORDER_REQUIRED
TPHW-2FF0DF1923140CE14C3F,TP07F016;TP07F296,07:80FF:0:1:0,0x0380FF,8D4043,STA,ABS,WRITE,1,0,$4340,EXACT_START_PLUS_DBR_OR_LONG_BANK_PLUS_WIDTH_EXPANSION,BUS_EVENT_ORDER_REQUIRED
TPHW-E47A64DAF99972ABB8F6,TP07F016;TP07F296,07:8104:0:1:0,0x038104,8D4143,STA,ABS,WRITE,1,0,$4341,EXACT_START_PLUS_DBR_OR_LONG_BANK_PLUS_WIDTH_EXPANSION,BUS_EVENT_ORDER_REQUIRED
TPHW-1F06E70A887003C7E5BE,TP07F016;TP07F296,07:810A:0:1:0,0x03810A,8E4243,STX,ABS,WRITE,2,0,$4342,EXACT_START_PLUS_DBR_OR_LONG_BANK_PLUS_WIDTH_EXPANSION,BUS_EVENT_ORDER_REQUIRED
TPHW-6D4CF10D76278528E982,TP07F016;TP07F296,07:810A:0:1:0,0x03810A,8E4243,STX,ABS,WRITE,2,1,$4343,EXACT_START_PLUS_DBR_OR_LONG_BANK_PLUS_WIDTH_EXPANSION,BUS_EVENT_ORDER_REQUIRED
TPHW-5A733380095BA553AD7D,TP07F016;TP07F296,07:810F:0:1:0,0x03810F,8D4443,STA,ABS,WRITE,1,0,$4344,EXACT_START_PLUS_DBR_OR_LONG_BANK_PLUS_WIDTH_EXPANSION,BUS_EVENT_ORDER_REQUIRED
TPHW-C05E0E4DA77EB057510E,TP07F016;TP07F296,07:8115:0:1:0,0x038115,8E4543,STX,ABS,WRITE,2,0,$4345,EXACT_START_PLUS_DBR_OR_LONG_BANK_PLUS_WIDTH_EXPANSION,BUS_EVENT_ORDER_REQUIRED
TPHW-7875A0E3371817A37136,TP07F016;TP07F296,07:8115:0:1:0,0x038115,8E4543,STX,ABS,WRITE,2,1,$4346,EXACT_START_PLUS_DBR_OR_LONG_BANK_PLUS_WIDTH_EXPANSION,BUS_EVENT_ORDER_REQUIRED
TPHW-3454DE60EEDD8420FD29,TP07F016;TP07F296,07:811A:0:1:0,0x03811A,8D0B42,STA,ABS,WRITE,1,0,$420B,EXACT_START_PLUS_DBR_OR_LONG_BANK_PLUS_WIDTH_EXPANSION,BUS_EVENT_ORDER_REQUIRED
TPHW-7E81E6418B53FC1B41CE,TP07F015,07:81F0:0:1:0,0x0381F0,9C0B42,STZ,ABS,WRITE,1,0,$420B,EXACT_START_PLUS_DBR_OR_LONG_BANK_PLUS_WIDTH_EXPANSION,BUS_EVENT_ORDER_REQUIRED
TPHW-523F95DC23C4207C7667,TP07F015,07:81F5:0:1:0,0x0381F5,8D4043,STA,ABS,WRITE,1,0,$4340,EXACT_START_PLUS_DBR_OR_LONG_BANK_PLUS_WIDTH_EXPANSION,BUS_EVENT_ORDER_REQUIRED
TPHW-7834390023F89A807CE6,TP07F015,07:81FA:0:1:0,0x0381FA,8D4143,STA,ABS,WRITE,1,0,$4341,EXACT_START_PLUS_DBR_OR_LONG_BANK_PLUS_WIDTH_EXPANSION,BUS_EVENT_ORDER_REQUIRED
TPHW-49DC794E4D6192E95BB8,TP07F015,07:8200:0:1:0,0x038200,8C4243,STY,ABS,WRITE,2,0,$4342,EXACT_START_PLUS_DBR_OR_LONG_BANK_PLUS_WIDTH_EXPANSION,BUS_EVENT_ORDER_REQUIRED
TPHW-B249C03A0C238D65C124,TP07F015,07:8200:0:1:0,0x038200,8C4243,STY,ABS,WRITE,2,1,$4343,EXACT_START_PLUS_DBR_OR_LONG_BANK_PLUS_WIDTH_EXPANSION,BUS_EVENT_ORDER_REQUIRED
TPHW-E3E2AD2976C6D084994E,TP07F015,07:8206:0:1:0,0x038206,8D4443,STA,ABS,WRITE,1,0,$4344,EXACT_START_PLUS_DBR_OR_LONG_BANK_PLUS_WIDTH_EXPANSION,BUS_EVENT_ORDER_REQUIRED
TPHW-9E0BBFFC2CB74F4D376A,TP07F015,07:820C:0:1:0,0x03820C,8C4543,STY,ABS,WRITE,2,0,$4345,EXACT_START_PLUS_DBR_OR_LONG_BANK_PLUS_WIDTH_EXPANSION,BUS_EVENT_ORDER_REQUIRED
TPHW-6632B56F90102E25E87C,TP07F015,07:820C:0:1:0,0x03820C,8C4543,STY,ABS,WRITE,2,1,$4346,EXACT_START_PLUS_DBR_OR_LONG_BANK_PLUS_WIDTH_EXPANSION,BUS_EVENT_ORDER_REQUIRED
TPHW-964198FF92A3EC11A9CC,TP07F015,07:8211:0:1:0,0x038211,8D0B42,STA,ABS,WRITE,1,0,$420B,EXACT_START_PLUS_DBR_OR_LONG_BANK_PLUS_WIDTH_EXPANSION,BUS_EVENT_ORDER_REQUIRED
TPHW-2A1076413B859B5DA6E5,TP07F026;TP07F271,07:8271:0:0:1,0x038271,8C0B42,STY,ABS,WRITE,1,0,$420B,EXACT_START_PLUS_DBR_OR_LONG_BANK_PLUS_WIDTH_EXPANSION,BUS_EVENT_ORDER_REQUIRED
TPHW-8C6F10420A8E0D54062C,TP07F026;TP07F271,07:8276:0:0:1,0x038276,8C4043,STY,ABS,WRITE,1,0,$4340,EXACT_START_PLUS_DBR_OR_LONG_BANK_PLUS_WIDTH_EXPANSION,BUS_EVENT_ORDER_REQUIRED
TPHW-758A670757D57D58D7A6,TP07F026;TP07F271,07:827B:0:0:1,0x03827B,8C4143,STY,ABS,WRITE,1,0,$4341,EXACT_START_PLUS_DBR_OR_LONG_BANK_PLUS_WIDTH_EXPANSION,BUS_EVENT_ORDER_REQUIRED
TPHW-BB0DBB425C03C9EA4F0D,TP07F026;TP07F271,07:827E:0:0:1,0x03827E,8D4243,STA,ABS,WRITE,2,0,$4342,EXACT_START_PLUS_DBR_OR_LONG_BANK_PLUS_WIDTH_EXPANSION,BUS_EVENT_ORDER_REQUIRED
TPHW-E0B3F804D054F63F344C,TP07F026;TP07F271,07:827E:0:0:1,0x03827E,8D4243,STA,ABS,WRITE,2,1,$4343,EXACT_START_PLUS_DBR_OR_LONG_BANK_PLUS_WIDTH_EXPANSION,BUS_EVENT_ORDER_REQUIRED
TPHW-3F0E8DA426B380A60D7C,TP07F026;TP07F271,07:8281:0:0:1,0x038281,8E4443,STX,ABS,WRITE,1,0,$4344,EXACT_START_PLUS_DBR_OR_LONG_BANK_PLUS_WIDTH_EXPANSION,BUS_EVENT_ORDER_REQUIRED
TPHW-2605BB47C3AECEB02894,TP07F026;TP07F271,07:8287:0:0:1,0x038287,8D4543,STA,ABS,WRITE,2,0,$4345,EXACT_START_PLUS_DBR_OR_LONG_BANK_PLUS_WIDTH_EXPANSION,BUS_EVENT_ORDER_REQUIRED
TPHW-5A1EBE270F19812B14C8,TP07F026;TP07F271,07:8287:0:0:1,0x038287,8D4543,STA,ABS,WRITE,2,1,$4346,EXACT_START_PLUS_DBR_OR_LONG_BANK_PLUS_WIDTH_EXPANSION,BUS_EVENT_ORDER_REQUIRED
TPHW-6AA81ACA63E89012DF87,TP07F026;TP07F271,07:828C:0:0:1,0x03828C,8C0B42,STY,ABS,WRITE,1,0,$420B,EXACT_START_PLUS_DBR_OR_LONG_BANK_PLUS_WIDTH_EXPANSION,BUS_EVENT_ORDER_REQUIRED
TPHW-55FDD1870190BC2A8ABA,TP07F026;TP07F271,07:82B6:0:0:1,0x0382B6,8D4243,STA,ABS,WRITE,2,0,$4342,EXACT_START_PLUS_DBR_OR_LONG_BANK_PLUS_WIDTH_EXPANSION,BUS_EVENT_ORDER_REQUIRED
TPHW-D80425D85169C062601B,TP07F026;TP07F271,07:82B6:0:0:1,0x0382B6,8D4243,STA,ABS,WRITE,2,1,$4343,EXACT_START_PLUS_DBR_OR_LONG_BANK_PLUS_WIDTH_EXPANSION,BUS_EVENT_ORDER_REQUIRED
TPHW-D1211F3FB3D8B5F6D36C,TP07F026;TP07F271,07:82B9:0:0:1,0x0382B9,8E4443,STX,ABS,WRITE,1,0,$4344,EXACT_START_PLUS_DBR_OR_LONG_BANK_PLUS_WIDTH_EXPANSION,BUS_EVENT_ORDER_REQUIRED
TPHW-D3F78D6E5BD5750C77F4,TP07F026;TP07F271,07:82BF:0:0:1,0x0382BF,8D4543,STA,ABS,WRITE,2,0,$4345,EXACT_START_PLUS_DBR_OR_LONG_BANK_PLUS_WIDTH_EXPANSION,BUS_EVENT_ORDER_REQUIRED
TPHW-F4E2E9903B09062A34A4,TP07F026;TP07F271,07:82BF:0:0:1,0x0382BF,8D4543,STA,ABS,WRITE,2,1,$4346,EXACT_START_PLUS_DBR_OR_LONG_BANK_PLUS_WIDTH_EXPANSION,BUS_EVENT_ORDER_REQUIRED
TPHW-8FD3D6F1DC2D67B21326,TP07F026;TP07F271,07:82C4:0:0:1,0x0382C4,8C0B42,STY,ABS,WRITE,1,0,$420B,EXACT_START_PLUS_DBR_OR_LONG_BANK_PLUS_WIDTH_EXPANSION,BUS_EVENT_ORDER_REQUIRED
TPHW-D8478BD756C9F4A38537,TP07F206,07:83C2:0:1:0,0x0383C2,9C0B42,STZ,ABS,WRITE,1,0,$420B,EXACT_START_PLUS_DBR_OR_LONG_BANK_PLUS_WIDTH_EXPANSION,BUS_EVENT_ORDER_REQUIRED
TPHW-ABA6868CC9E5A0122056,TP07F206,07:83C7:0:1:0,0x0383C7,8D3043,STA,ABS,WRITE,1,0,$4330,EXACT_START_PLUS_DBR_OR_LONG_BANK_PLUS_WIDTH_EXPANSION,BUS_EVENT_ORDER_REQUIRED
TPHW-DA3C1B7BC7E8AECD5E8D,TP07F206,07:83CC:0:1:0,0x0383CC,8D3143,STA,ABS,WRITE,1,0,$4331,EXACT_START_PLUS_DBR_OR_LONG_BANK_PLUS_WIDTH_EXPANSION,BUS_EVENT_ORDER_REQUIRED
TPHW-1E968F9AE84F3C29D6B0,TP07F206,07:83D2:0:1:0,0x0383D2,8E3243,STX,ABS,WRITE,2,0,$4332,EXACT_START_PLUS_DBR_OR_LONG_BANK_PLUS_WIDTH_EXPANSION,BUS_EVENT_ORDER_REQUIRED
TPHW-88200B31840C0F8CD05E,TP07F206,07:83D2:0:1:0,0x0383D2,8E3243,STX,ABS,WRITE,2,1,$4333,EXACT_START_PLUS_DBR_OR_LONG_BANK_PLUS_WIDTH_EXPANSION,BUS_EVENT_ORDER_REQUIRED
TPHW-A6FDB365BC24A47AA6DD,TP07F206,07:83D7:0:1:0,0x0383D7,8D3443,STA,ABS,WRITE,1,0,$4334,EXACT_START_PLUS_DBR_OR_LONG_BANK_PLUS_WIDTH_EXPANSION,BUS_EVENT_ORDER_REQUIRED
TPHW-394E9C7AFEC67C637FC5,TP07F206,07:83DD:0:1:0,0x0383DD,8E3543,STX,ABS,WRITE,2,0,$4335,EXACT_START_PLUS_DBR_OR_LONG_BANK_PLUS_WIDTH_EXPANSION,BUS_EVENT_ORDER_REQUIRED
TPHW-F69B06B83BF64983FD92,TP07F206,07:83DD:0:1:0,0x0383DD,8E3543,STX,ABS,WRITE,2,1,$4336,EXACT_START_PLUS_DBR_OR_LONG_BANK_PLUS_WIDTH_EXPANSION,BUS_EVENT_ORDER_REQUIRED
TPHW-B6307ACDF6EFAA71FFE2,TP07F206,07:83E2:0:1:0,0x0383E2,8D0B42,STA,ABS,WRITE,1,0,$420B,EXACT_START_PLUS_DBR_OR_LONG_BANK_PLUS_WIDTH_EXPANSION,BUS_EVENT_ORDER_REQUIRED
TPHW-A15ADC6A3C8251C840E1,TP07F207,07:83F4:0:1:0,0x0383F4,9C0B42,STZ,ABS,WRITE,1,0,$420B,EXACT_START_PLUS_DBR_OR_LONG_BANK_PLUS_WIDTH_EXPANSION,BUS_EVENT_ORDER_REQUIRED
TPHW-6451A6A43300593EDAD6,TP07F207,07:83F9:0:1:0,0x0383F9,8D3043,STA,ABS,WRITE,1,0,$4330,EXACT_START_PLUS_DBR_OR_LONG_BANK_PLUS_WIDTH_EXPANSION,BUS_EVENT_ORDER_REQUIRED
TPHW-17E05A8537E44A1EEA89,TP07F207,07:83FE:0:1:0,0x0383FE,8D3143,STA,ABS,WRITE,1,0,$4331,EXACT_START_PLUS_DBR_OR_LONG_BANK_PLUS_WIDTH_EXPANSION,BUS_EVENT_ORDER_REQUIRED
TPHW-4373F3F3E20AA3551A54,TP07F207,07:8404:0:1:0,0x038404,8E3243,STX,ABS,WRITE,2,0,$4332,EXACT_START_PLUS_DBR_OR_LONG_BANK_PLUS_WIDTH_EXPANSION,BUS_EVENT_ORDER_REQUIRED
TPHW-01036C7DC78A4A64A9DE,TP07F207,07:8404:0:1:0,0x038404,8E3243,STX,ABS,WRITE,2,1,$4333,EXACT_START_PLUS_DBR_OR_LONG_BANK_PLUS_WIDTH_EXPANSION,BUS_EVENT_ORDER_REQUIRED
TPHW-F7E63E89B4413FCCBFD4,TP07F207,07:8409:0:1:0,0x038409,8D3443,STA,ABS,WRITE,1,0,$4334,EXACT_START_PLUS_DBR_OR_LONG_BANK_PLUS_WIDTH_EXPANSION,BUS_EVENT_ORDER_REQUIRED
TPHW-10830F11845C126E830D,TP07F207,07:840F:0:1:0,0x03840F,8E3543,STX,ABS,WRITE,2,0,$4335,EXACT_START_PLUS_DBR_OR_LONG_BANK_PLUS_WIDTH_EXPANSION,BUS_EVENT_ORDER_REQUIRED
TPHW-9DF376653D9BEE40FD4B,TP07F207,07:840F:0:1:0,0x03840F,8E3543,STX,ABS,WRITE,2,1,$4336,EXACT_START_PLUS_DBR_OR_LONG_BANK_PLUS_WIDTH_EXPANSION,BUS_EVENT_ORDER_REQUIRED
TPHW-8110B796A629FA5CDEBA,TP07F207,07:8414:0:1:0,0x038414,8D0B42,STA,ABS,WRITE,1,0,$420B,EXACT_START_PLUS_DBR_OR_LONG_BANK_PLUS_WIDTH_EXPANSION,BUS_EVENT_ORDER_REQUIRED
TPHW-A01AD0EE676C13FF4A09,TP07F018,0C:8006:0:1:0,0x060006,8D0C42,STA,ABS,WRITE,1,0,$420C,EXACT_START_PLUS_DBR_OR_LONG_BANK_PLUS_WIDTH_EXPANSION,BUS_EVENT_ORDER_REQUIRED
TPHW-CFD5B63C9E56E5C62696,TP07F018,0C:800B:0:1:0,0x06000B,8D0043,STA,ABS,WRITE,1,0,$4300,EXACT_START_PLUS_DBR_OR_LONG_BANK_PLUS_WIDTH_EXPANSION,BUS_EVENT_ORDER_REQUIRED
TPHW-4C7C133D1E2DD6661F1B,TP07F018,0C:8010:0:1:0,0x060010,8D0443,STA,ABS,WRITE,1,0,$4304,EXACT_START_PLUS_DBR_OR_LONG_BANK_PLUS_WIDTH_EXPANSION,BUS_EVENT_ORDER_REQUIRED
TPHW-AFE6ED5B4AECC55BA7C8,TP07F018,0C:8015:0:1:0,0x060015,8D0143,STA,ABS,WRITE,1,0,$4301,EXACT_START_PLUS_DBR_OR_LONG_BANK_PLUS_WIDTH_EXPANSION,BUS_EVENT_ORDER_REQUIRED
TPHW-F745015ACA715C4893BC,TP07F018,0C:801B:0:1:0,0x06001B,8E0243,STX,ABS,WRITE,2,0,$4302,EXACT_START_PLUS_DBR_OR_LONG_BANK_PLUS_WIDTH_EXPANSION,BUS_EVENT_ORDER_REQUIRED
TPHW-A4EB7499736C3E7BBCC5,TP07F018,0C:801B:0:1:0,0x06001B,8E0243,STX,ABS,WRITE,2,1,$4303,EXACT_START_PLUS_DBR_OR_LONG_BANK_PLUS_WIDTH_EXPANSION,BUS_EVENT_ORDER_REQUIRED
TPHW-13FEDADB093D1366D5BC,TP07F353,0C:827E:0:1:0,0x06027E,9C0B42,STZ,ABS,WRITE,1,0,$420B,EXACT_START_PLUS_DBR_OR_LONG_BANK_PLUS_WIDTH_EXPANSION,BUS_EVENT_ORDER_REQUIRED
TPHW-7ADEC099F9F2BE004F61,TP07F353,0C:8283:0:1:0,0x060283,8D3043,STA,ABS,WRITE,1,0,$4330,EXACT_START_PLUS_DBR_OR_LONG_BANK_PLUS_WIDTH_EXPANSION,BUS_EVENT_ORDER_REQUIRED
TPHW-5D4F4EA52AC991B67AC0,TP07F353,0C:8288:0:1:0,0x060288,8D3143,STA,ABS,WRITE,1,0,$4331,EXACT_START_PLUS_DBR_OR_LONG_BANK_PLUS_WIDTH_EXPANSION,BUS_EVENT_ORDER_REQUIRED
TPHW-457B04010B578AF891A3,TP07F353,0C:828E:0:1:0,0x06028E,8C3243,STY,ABS,WRITE,2,0,$4332,EXACT_START_PLUS_DBR_OR_LONG_BANK_PLUS_WIDTH_EXPANSION,BUS_EVENT_ORDER_REQUIRED
TPHW-D7A37675F04D13780901,TP07F353,0C:828E:0:1:0,0x06028E,8C3243,STY,ABS,WRITE,2,1,$4333,EXACT_START_PLUS_DBR_OR_LONG_BANK_PLUS_WIDTH_EXPANSION,BUS_EVENT_ORDER_REQUIRED
TPHW-EC5FE4E082220B49DD7D,TP07F353,0C:8294:0:1:0,0x060294,8D3443,STA,ABS,WRITE,1,0,$4334,EXACT_START_PLUS_DBR_OR_LONG_BANK_PLUS_WIDTH_EXPANSION,BUS_EVENT_ORDER_REQUIRED
TPHW-8A308C7B7D1A15A73673,TP07F353,0C:829A:0:1:0,0x06029A,8C3543,STY,ABS,WRITE,2,0,$4335,EXACT_START_PLUS_DBR_OR_LONG_BANK_PLUS_WIDTH_EXPANSION,BUS_EVENT_ORDER_REQUIRED
TPHW-42C46EE3887B27C85BE6,TP07F353,0C:829A:0:1:0,0x06029A,8C3543,STY,ABS,WRITE,2,1,$4336,EXACT_START_PLUS_DBR_OR_LONG_BANK_PLUS_WIDTH_EXPANSION,BUS_EVENT_ORDER_REQUIRED
TPHW-91F9A54B9CDDC45C6C95,TP07F353,0C:829F:0:1:0,0x06029F,8D0B42,STA,ABS,WRITE,1,0,$420B,EXACT_START_PLUS_DBR_OR_LONG_BANK_PLUS_WIDTH_EXPANSION,BUS_EVENT_ORDER_REQUIRED
TPHW-50C49B0B02EE5AA8E1B6,TP07F242,0C:82F7:0:1:0,0x0602F7,9C0B42,STZ,ABS,WRITE,1,0,$420B,EXACT_START_PLUS_DBR_OR_LONG_BANK_PLUS_WIDTH_EXPANSION,BUS_EVENT_ORDER_REQUIRED
TPHW-3B4781CC110BCF79EA6B,TP07F242,0C:82FC:0:1:0,0x0602FC,8D3043,STA,ABS,WRITE,1,0,$4330,EXACT_START_PLUS_DBR_OR_LONG_BANK_PLUS_WIDTH_EXPANSION,BUS_EVENT_ORDER_REQUIRED
TPHW-CA7565EDC4FCA32871B1,TP07F242,0C:8301:0:1:0,0x060301,8D3143,STA,ABS,WRITE,1,0,$4331,EXACT_START_PLUS_DBR_OR_LONG_BANK_PLUS_WIDTH_EXPANSION,BUS_EVENT_ORDER_REQUIRED
TPHW-4BA21D9847058C20858D,TP07F242,0C:8307:0:1:0,0x060307,8C3243,STY,ABS,WRITE,2,0,$4332,EXACT_START_PLUS_DBR_OR_LONG_BANK_PLUS_WIDTH_EXPANSION,BUS_EVENT_ORDER_REQUIRED
TPHW-6D7452441BBE97980D68,TP07F242,0C:8307:0:1:0,0x060307,8C3243,STY,ABS,WRITE,2,1,$4333,EXACT_START_PLUS_DBR_OR_LONG_BANK_PLUS_WIDTH_EXPANSION,BUS_EVENT_ORDER_REQUIRED
TPHW-42ACD863D4182C86622D,TP07F242,0C:830D:0:1:0,0x06030D,8D3443,STA,ABS,WRITE,1,0,$4334,EXACT_START_PLUS_DBR_OR_LONG_BANK_PLUS_WIDTH_EXPANSION,BUS_EVENT_ORDER_REQUIRED
TPHW-734F19712557BB17FC55,TP07F242,0C:8313:0:1:0,0x060313,8C3543,STY,ABS,WRITE,2,0,$4335,EXACT_START_PLUS_DBR_OR_LONG_BANK_PLUS_WIDTH_EXPANSION,BUS_EVENT_ORDER_REQUIRED
TPHW-4A3D9FF8515C6CD0CACB,TP07F242,0C:8313:0:1:0,0x060313,8C3543,STY,ABS,WRITE,2,1,$4336,EXACT_START_PLUS_DBR_OR_LONG_BANK_PLUS_WIDTH_EXPANSION,BUS_EVENT_ORDER_REQUIRED
TPHW-50EED815D7BA1D9E7B39,TP07F242,0C:8318:0:1:0,0x060318,8D0B42,STA,ABS,WRITE,1,0,$420B,EXACT_START_PLUS_DBR_OR_LONG_BANK_PLUS_WIDTH_EXPANSION,BUS_EVENT_ORDER_REQUIRED
TPHW-19B6EE49C9847F35F564,TP07F013;TP07F264,0C:842F:0:1:0,0x06042F,8D7143,STA,ABS,WRITE,1,0,$4371,EXACT_START_PLUS_DBR_OR_LONG_BANK_PLUS_WIDTH_EXPANSION,BUS_EVENT_ORDER_REQUIRED
TPHW-6D2E40D5716DDEBBAF91,TP07F013;TP07F264,0C:844E:0:1:0,0x06044E,9C0B42,STZ,ABS,WRITE,1,0,$420B,EXACT_START_PLUS_DBR_OR_LONG_BANK_PLUS_WIDTH_EXPANSION,BUS_EVENT_ORDER_REQUIRED
TPHW-F3B44280ACDD4342678F,TP07F013;TP07F264,0C:8453:0:1:0,0x060453,8D7043,STA,ABS,WRITE,1,0,$4370,EXACT_START_PLUS_DBR_OR_LONG_BANK_PLUS_WIDTH_EXPANSION,BUS_EVENT_ORDER_REQUIRED
TPHW-5ABCB1973AB525CE7463,TP07F013;TP07F264,0C:8458:0:1:0,0x060458,8D7143,STA,ABS,WRITE,1,0,$4371,EXACT_START_PLUS_DBR_OR_LONG_BANK_PLUS_WIDTH_EXPANSION,BUS_EVENT_ORDER_REQUIRED
TPHW-9F0865D56D8F5FDD2158,TP07F013;TP07F264,0C:845E:0:1:0,0x06045E,8E7243,STX,ABS,WRITE,2,0,$4372,EXACT_START_PLUS_DBR_OR_LONG_BANK_PLUS_WIDTH_EXPANSION,BUS_EVENT_ORDER_REQUIRED
TPHW-ABDA8BBC189FED4A6998,TP07F013;TP07F264,0C:845E:0:1:0,0x06045E,8E7243,STX,ABS,WRITE,2,1,$4373,EXACT_START_PLUS_DBR_OR_LONG_BANK_PLUS_WIDTH_EXPANSION,BUS_EVENT_ORDER_REQUIRED
TPHW-34D600DAD5C311923EEE,TP07F013;TP07F264,0C:8463:0:1:0,0x060463,8D7443,STA,ABS,WRITE,1,0,$4374,EXACT_START_PLUS_DBR_OR_LONG_BANK_PLUS_WIDTH_EXPANSION,BUS_EVENT_ORDER_REQUIRED
TPHW-F972EC736A183C46D586,TP07F013;TP07F264,0C:8469:0:1:0,0x060469,8E7543,STX,ABS,WRITE,2,0,$4375,EXACT_START_PLUS_DBR_OR_LONG_BANK_PLUS_WIDTH_EXPANSION,BUS_EVENT_ORDER_REQUIRED
TPHW-7A162FE1493EF0587DB5,TP07F013;TP07F264,0C:8469:0:1:0,0x060469,8E7543,STX,ABS,WRITE,2,1,$4376,EXACT_START_PLUS_DBR_OR_LONG_BANK_PLUS_WIDTH_EXPANSION,BUS_EVENT_ORDER_REQUIRED
TPHW-63655F5FC6C96F29ACBA,TP07F013;TP07F264,0C:846E:0:1:0,0x06046E,8D0B42,STA,ABS,WRITE,1,0,$420B,EXACT_START_PLUS_DBR_OR_LONG_BANK_PLUS_WIDTH_EXPANSION,BUS_EVENT_ORDER_REQUIRED
TPHW-CF7048CF8D2DB7D4FA35,TP07F013;TP07F264,0C:8484:0:1:0,0x060484,9C0B42,STZ,ABS,WRITE,1,0,$420B,EXACT_START_PLUS_DBR_OR_LONG_BANK_PLUS_WIDTH_EXPANSION,BUS_EVENT_ORDER_REQUIRED
TPHW-CB2AD263FC0C2871EB52,TP07F013;TP07F264,0C:8489:0:1:0,0x060489,8D7043,STA,ABS,WRITE,1,0,$4370,EXACT_START_PLUS_DBR_OR_LONG_BANK_PLUS_WIDTH_EXPANSION,BUS_EVENT_ORDER_REQUIRED
TPHW-7C3FFB27299F55E3C907,TP07F013;TP07F264,0C:848E:0:1:0,0x06048E,8D7143,STA,ABS,WRITE,1,0,$4371,EXACT_START_PLUS_DBR_OR_LONG_BANK_PLUS_WIDTH_EXPANSION,BUS_EVENT_ORDER_REQUIRED
TPHW-C5B783799D84524D0987,TP07F013;TP07F264,0C:8494:0:1:0,0x060494,8E7243,STX,ABS,WRITE,2,0,$4372,EXACT_START_PLUS_DBR_OR_LONG_BANK_PLUS_WIDTH_EXPANSION,BUS_EVENT_ORDER_REQUIRED
TPHW-E1E815CAE121126FE2E4,TP07F013;TP07F264,0C:8494:0:1:0,0x060494,8E7243,STX,ABS,WRITE,2,1,$4373,EXACT_START_PLUS_DBR_OR_LONG_BANK_PLUS_WIDTH_EXPANSION,BUS_EVENT_ORDER_REQUIRED
TPHW-18CD658F00A35DB49524,TP07F013;TP07F264,0C:8499:0:1:0,0x060499,8D7443,STA,ABS,WRITE,1,0,$4374,EXACT_START_PLUS_DBR_OR_LONG_BANK_PLUS_WIDTH_EXPANSION,BUS_EVENT_ORDER_REQUIRED
TPHW-2D861CADC7516DDB1157,TP07F013;TP07F264,0C:849F:0:1:0,0x06049F,8E7543,STX,ABS,WRITE,2,0,$4375,EXACT_START_PLUS_DBR_OR_LONG_BANK_PLUS_WIDTH_EXPANSION,BUS_EVENT_ORDER_REQUIRED
TPHW-99CA861BDB7AB6EA453F,TP07F013;TP07F264,0C:849F:0:1:0,0x06049F,8E7543,STX,ABS,WRITE,2,1,$4376,EXACT_START_PLUS_DBR_OR_LONG_BANK_PLUS_WIDTH_EXPANSION,BUS_EVENT_ORDER_REQUIRED
TPHW-EEA997AF3BAA895ADCCD,TP07F013;TP07F264,0C:84A4:0:1:0,0x0604A4,8D0B42,STA,ABS,WRITE,1,0,$420B,EXACT_START_PLUS_DBR_OR_LONG_BANK_PLUS_WIDTH_EXPANSION,BUS_EVENT_ORDER_REQUIRED
TPHW-E6B739BE96B9BA717CF3,TP07F232,0C:8594:0:1:0,0x060594,9C0B42,STZ,ABS,WRITE,1,0,$420B,EXACT_START_PLUS_DBR_OR_LONG_BANK_PLUS_WIDTH_EXPANSION,BUS_EVENT_ORDER_REQUIRED
TPHW-49055A990986B50120EE,TP07F232,0C:8599:0:1:0,0x060599,8D3043,STA,ABS,WRITE,1,0,$4330,EXACT_START_PLUS_DBR_OR_LONG_BANK_PLUS_WIDTH_EXPANSION,BUS_EVENT_ORDER_REQUIRED
TPHW-9A15C7B9D9AEE24702F0,TP07F232,0C:859E:0:1:0,0x06059E,8D3143,STA,ABS,WRITE,1,0,$4331,EXACT_START_PLUS_DBR_OR_LONG_BANK_PLUS_WIDTH_EXPANSION,BUS_EVENT_ORDER_REQUIRED
TPHW-9150D775333E0BDCDFC8,TP07F232,0C:85A4:0:1:0,0x0605A4,8C3243,STY,ABS,WRITE,2,0,$4332,EXACT_START_PLUS_DBR_OR_LONG_BANK_PLUS_WIDTH_EXPANSION,BUS_EVENT_ORDER_REQUIRED
TPHW-11739B2521490887F3B5,TP07F232,0C:85A4:0:1:0,0x0605A4,8C3243,STY,ABS,WRITE,2,1,$4333,EXACT_START_PLUS_DBR_OR_LONG_BANK_PLUS_WIDTH_EXPANSION,BUS_EVENT_ORDER_REQUIRED
TPHW-DE4344BDB108FDB23F46,TP07F232,0C:85AA:0:1:0,0x0605AA,8D3443,STA,ABS,WRITE,1,0,$4334,EXACT_START_PLUS_DBR_OR_LONG_BANK_PLUS_WIDTH_EXPANSION,BUS_EVENT_ORDER_REQUIRED
TPHW-6CE98574E992102D52F7,TP07F232,0C:85B0:0:1:0,0x0605B0,8C3543,STY,ABS,WRITE,2,0,$4335,EXACT_START_PLUS_DBR_OR_LONG_BANK_PLUS_WIDTH_EXPANSION,BUS_EVENT_ORDER_REQUIRED
TPHW-527407DA990D09F1EFB9,TP07F232,0C:85B0:0:1:0,0x0605B0,8C3543,STY,ABS,WRITE,2,1,$4336,EXACT_START_PLUS_DBR_OR_LONG_BANK_PLUS_WIDTH_EXPANSION,BUS_EVENT_ORDER_REQUIRED
TPHW-CFA1EF0EAC69F291497E,TP07F232,0C:85B5:0:1:0,0x0605B5,8D0B42,STA,ABS,WRITE,1,0,$420B,EXACT_START_PLUS_DBR_OR_LONG_BANK_PLUS_WIDTH_EXPANSION,BUS_EVENT_ORDER_REQUIRED
TPHW-7A76A0E62ABFC8959DF6,TP07F209,0C:85DE:0:0:1,0x0605DE,8C0B42,STY,ABS,WRITE,1,0,$420B,EXACT_START_PLUS_DBR_OR_LONG_BANK_PLUS_WIDTH_EXPANSION,BUS_EVENT_ORDER_REQUIRED
TPHW-64660AC4AE1359651A32,TP07F209,0C:85E3:0:0:1,0x0605E3,8C3043,STY,ABS,WRITE,1,0,$4330,EXACT_START_PLUS_DBR_OR_LONG_BANK_PLUS_WIDTH_EXPANSION,BUS_EVENT_ORDER_REQUIRED
TPHW-872B9A0F6EF496CE8393,TP07F209,0C:85E8:0:0:1,0x0605E8,8C3143,STY,ABS,WRITE,1,0,$4331,EXACT_START_PLUS_DBR_OR_LONG_BANK_PLUS_WIDTH_EXPANSION,BUS_EVENT_ORDER_REQUIRED
TPHW-8E7A48F7F6D2CBC626B9,TP07F209,0C:85F0:0:0:1,0x0605F0,8D3243,STA,ABS,WRITE,2,0,$4332,EXACT_START_PLUS_DBR_OR_LONG_BANK_PLUS_WIDTH_EXPANSION,BUS_EVENT_ORDER_REQUIRED
TPHW-A6A7289FBAAE16EB5728,TP07F209,0C:85F0:0:0:1,0x0605F0,8D3243,STA,ABS,WRITE,2,1,$4333,EXACT_START_PLUS_DBR_OR_LONG_BANK_PLUS_WIDTH_EXPANSION,BUS_EVENT_ORDER_REQUIRED
TPHW-A643863DEB6695CCB111,TP07F209,0C:85F3:0:0:1,0x0605F3,8E3443,STX,ABS,WRITE,1,0,$4334,EXACT_START_PLUS_DBR_OR_LONG_BANK_PLUS_WIDTH_EXPANSION,BUS_EVENT_ORDER_REQUIRED
TPHW-1FF1D7DE2741DF8489B6,TP07F209,0C:85F9:0:0:1,0x0605F9,8D3543,STA,ABS,WRITE,2,0,$4335,EXACT_START_PLUS_DBR_OR_LONG_BANK_PLUS_WIDTH_EXPANSION,BUS_EVENT_ORDER_REQUIRED
TPHW-B1BD551DEBD82FF48C88,TP07F209,0C:85F9:0:0:1,0x0605F9,8D3543,STA,ABS,WRITE,2,1,$4336,EXACT_START_PLUS_DBR_OR_LONG_BANK_PLUS_WIDTH_EXPANSION,BUS_EVENT_ORDER_REQUIRED
TPHW-83A70D2BDDC01A5B1FEA,TP07F209,0C:85FE:0:0:1,0x0605FE,8C0B42,STY,ABS,WRITE,1,0,$420B,EXACT_START_PLUS_DBR_OR_LONG_BANK_PLUS_WIDTH_EXPANSION,BUS_EVENT_ORDER_REQUIRED
TPHW-BACD67B58DCFE76125D8,TP07F014;TP07F262,0C:891C:0:1:0,0x06091C,9C0B42,STZ,ABS,WRITE,1,0,$420B,EXACT_START_PLUS_DBR_OR_LONG_BANK_PLUS_WIDTH_EXPANSION,BUS_EVENT_ORDER_REQUIRED
TPHW-E3AF3EEDC10982CE42C6,TP07F014;TP07F262,0C:8921:0:1:0,0x060921,8D4043,STA,ABS,WRITE,1,0,$4340,EXACT_START_PLUS_DBR_OR_LONG_BANK_PLUS_WIDTH_EXPANSION,BUS_EVENT_ORDER_REQUIRED
TPHW-34F999F340177B537F9A,TP07F014;TP07F262,0C:8926:0:1:0,0x060926,8D4143,STA,ABS,WRITE,1,0,$4341,EXACT_START_PLUS_DBR_OR_LONG_BANK_PLUS_WIDTH_EXPANSION,BUS_EVENT_ORDER_REQUIRED
TPHW-192724E6B5F58F4C2E03,TP07F014;TP07F262,0C:8950:0:1:0,0x060950,8E4243,STX,ABS,WRITE,2,0,$4342,EXACT_START_PLUS_DBR_OR_LONG_BANK_PLUS_WIDTH_EXPANSION,BUS_EVENT_ORDER_REQUIRED
TPHW-4B9AF159FA9BA48D8CF0,TP07F014;TP07F262,0C:8950:0:1:0,0x060950,8E4243,STX,ABS,WRITE,2,1,$4343,EXACT_START_PLUS_DBR_OR_LONG_BANK_PLUS_WIDTH_EXPANSION,BUS_EVENT_ORDER_REQUIRED
TPHW-21B47036F6E2061E32C9,TP07F014;TP07F262,0C:8953:0:1:0,0x060953,8D4443,STA,ABS,WRITE,1,0,$4344,EXACT_START_PLUS_DBR_OR_LONG_BANK_PLUS_WIDTH_EXPANSION,BUS_EVENT_ORDER_REQUIRED
TPHW-90F5B354F96CA6AD4771,TP07F014;TP07F262,0C:8959:0:1:0,0x060959,8E4543,STX,ABS,WRITE,2,0,$4345,EXACT_START_PLUS_DBR_OR_LONG_BANK_PLUS_WIDTH_EXPANSION,BUS_EVENT_ORDER_REQUIRED
TPHW-B3C109A6593CBCE4D65E,TP07F014;TP07F262,0C:8959:0:1:0,0x060959,8E4543,STX,ABS,WRITE,2,1,$4346,EXACT_START_PLUS_DBR_OR_LONG_BANK_PLUS_WIDTH_EXPANSION,BUS_EVENT_ORDER_REQUIRED
TPHW-D8F817CA43F5B64BD757,TP07F014;TP07F262,0C:895E:0:1:0,0x06095E,8D0B42,STA,ABS,WRITE,1,0,$420B,EXACT_START_PLUS_DBR_OR_LONG_BANK_PLUS_WIDTH_EXPANSION,BUS_EVENT_ORDER_REQUIRED
TPHW-2284A4F2B774D36AC2BB,TP07F014;TP07F262,0C:896B:0:1:0,0x06096B,9C0B42,STZ,ABS,WRITE,1,0,$420B,EXACT_START_PLUS_DBR_OR_LONG_BANK_PLUS_WIDTH_EXPANSION,BUS_EVENT_ORDER_REQUIRED
TPHW-F4E20F1EEA115C190B49,TP07F014;TP07F262,0C:8970:0:1:0,0x060970,8D4043,STA,ABS,WRITE,1,0,$4340,EXACT_START_PLUS_DBR_OR_LONG_BANK_PLUS_WIDTH_EXPANSION,BUS_EVENT_ORDER_REQUIRED
TPHW-BFB74E8E08549AA257B8,TP07F014;TP07F262,0C:8975:0:1:0,0x060975,8D4143,STA,ABS,WRITE,1,0,$4341,EXACT_START_PLUS_DBR_OR_LONG_BANK_PLUS_WIDTH_EXPANSION,BUS_EVENT_ORDER_REQUIRED
TPHW-A88A7CC3A7B494362D1F,TP07F014;TP07F262,0C:897B:0:1:0,0x06097B,8E4243,STX,ABS,WRITE,2,0,$4342,EXACT_START_PLUS_DBR_OR_LONG_BANK_PLUS_WIDTH_EXPANSION,BUS_EVENT_ORDER_REQUIRED
TPHW-489B9EA5EF76A5CE161F,TP07F014;TP07F262,0C:897B:0:1:0,0x06097B,8E4243,STX,ABS,WRITE,2,1,$4343,EXACT_START_PLUS_DBR_OR_LONG_BANK_PLUS_WIDTH_EXPANSION,BUS_EVENT_ORDER_REQUIRED
TPHW-044F41BC9EE1690D4882,TP07F014;TP07F262,0C:8980:0:1:0,0x060980,8D4443,STA,ABS,WRITE,1,0,$4344,EXACT_START_PLUS_DBR_OR_LONG_BANK_PLUS_WIDTH_EXPANSION,BUS_EVENT_ORDER_REQUIRED
TPHW-418F0B238D7608DD27D6,TP07F014;TP07F262,0C:8986:0:1:0,0x060986,8E4543,STX,ABS,WRITE,2,0,$4345,EXACT_START_PLUS_DBR_OR_LONG_BANK_PLUS_WIDTH_EXPANSION,BUS_EVENT_ORDER_REQUIRED
TPHW-12A3A42A367B21AA8F32,TP07F014;TP07F262,0C:8986:0:1:0,0x060986,8E4543,STX,ABS,WRITE,2,1,$4346,EXACT_START_PLUS_DBR_OR_LONG_BANK_PLUS_WIDTH_EXPANSION,BUS_EVENT_ORDER_REQUIRED
TPHW-B483CF36C0393068ED18,TP07F014;TP07F262,0C:898B:0:1:0,0x06098B,8D0B42,STA,ABS,WRITE,1,0,$420B,EXACT_START_PLUS_DBR_OR_LONG_BANK_PLUS_WIDTH_EXPANSION,BUS_EVENT_ORDER_REQUIRED
TPHW-33018D30C753204A222A,TP07F245,0C:89A4:0:1:0,0x0609A4,9C0B42,STZ,ABS,WRITE,1,0,$420B,EXACT_START_PLUS_DBR_OR_LONG_BANK_PLUS_WIDTH_EXPANSION,BUS_EVENT_ORDER_REQUIRED
TPHW-7F530AED23D0EF4B249B,TP07F245,0C:89A9:0:1:0,0x0609A9,8D3043,STA,ABS,WRITE,1,0,$4330,EXACT_START_PLUS_DBR_OR_LONG_BANK_PLUS_WIDTH_EXPANSION,BUS_EVENT_ORDER_REQUIRED
TPHW-ECF5E853DFFD33913520,TP07F245,0C:89AE:0:1:0,0x0609AE,8D3143,STA,ABS,WRITE,1,0,$4331,EXACT_START_PLUS_DBR_OR_LONG_BANK_PLUS_WIDTH_EXPANSION,BUS_EVENT_ORDER_REQUIRED
TPHW-5877223C606BE80A2364,TP07F245,0C:89B4:0:1:0,0x0609B4,8C3243,STY,ABS,WRITE,2,0,$4332,EXACT_START_PLUS_DBR_OR_LONG_BANK_PLUS_WIDTH_EXPANSION,BUS_EVENT_ORDER_REQUIRED
TPHW-EEB1D980173E897E589C,TP07F245,0C:89B4:0:1:0,0x0609B4,8C3243,STY,ABS,WRITE,2,1,$4333,EXACT_START_PLUS_DBR_OR_LONG_BANK_PLUS_WIDTH_EXPANSION,BUS_EVENT_ORDER_REQUIRED
TPHW-DE01998B508F62936F73,TP07F245,0C:89B9:0:1:0,0x0609B9,8D3443,STA,ABS,WRITE,1,0,$4334,EXACT_START_PLUS_DBR_OR_LONG_BANK_PLUS_WIDTH_EXPANSION,BUS_EVENT_ORDER_REQUIRED
TPHW-A15EB4F9DBCE9C07D465,TP07F245,0C:89BF:0:1:0,0x0609BF,8C3543,STY,ABS,WRITE,2,0,$4335,EXACT_START_PLUS_DBR_OR_LONG_BANK_PLUS_WIDTH_EXPANSION,BUS_EVENT_ORDER_REQUIRED
TPHW-5CC790748A8833978436,TP07F245,0C:89BF:0:1:0,0x0609BF,8C3543,STY,ABS,WRITE,2,1,$4336,EXACT_START_PLUS_DBR_OR_LONG_BANK_PLUS_WIDTH_EXPANSION,BUS_EVENT_ORDER_REQUIRED
TPHW-6D351A47E84EBBD52E44,TP07F245,0C:89C4:0:1:0,0x0609C4,8D0B42,STA,ABS,WRITE,1,0,$420B,EXACT_START_PLUS_DBR_OR_LONG_BANK_PLUS_WIDTH_EXPANSION,BUS_EVENT_ORDER_REQUIRED
TPHW-0B5DBB817811688DC03C,TP07F245,0C:89C7:0:1:0,0x0609C7,9C0B42,STZ,ABS,WRITE,1,0,$420B,EXACT_START_PLUS_DBR_OR_LONG_BANK_PLUS_WIDTH_EXPANSION,BUS_EVENT_ORDER_REQUIRED
TPHW-788087460CB5C04D7C3C,TP07F245,0C:89CC:0:1:0,0x0609CC,8D3043,STA,ABS,WRITE,1,0,$4330,EXACT_START_PLUS_DBR_OR_LONG_BANK_PLUS_WIDTH_EXPANSION,BUS_EVENT_ORDER_REQUIRED
TPHW-1AC6A864AB263663A442,TP07F245,0C:89D1:0:1:0,0x0609D1,8D3143,STA,ABS,WRITE,1,0,$4331,EXACT_START_PLUS_DBR_OR_LONG_BANK_PLUS_WIDTH_EXPANSION,BUS_EVENT_ORDER_REQUIRED
TPHW-C0E537BDE34B63DA90CE,TP07F245,0C:89D7:0:1:0,0x0609D7,8C3243,STY,ABS,WRITE,2,0,$4332,EXACT_START_PLUS_DBR_OR_LONG_BANK_PLUS_WIDTH_EXPANSION,BUS_EVENT_ORDER_REQUIRED
TPHW-4488571861F06A19101B,TP07F245,0C:89D7:0:1:0,0x0609D7,8C3243,STY,ABS,WRITE,2,1,$4333,EXACT_START_PLUS_DBR_OR_LONG_BANK_PLUS_WIDTH_EXPANSION,BUS_EVENT_ORDER_REQUIRED
TPHW-D2630F19A736B67D3449,TP07F245,0C:89DC:0:1:0,0x0609DC,8D3443,STA,ABS,WRITE,1,0,$4334,EXACT_START_PLUS_DBR_OR_LONG_BANK_PLUS_WIDTH_EXPANSION,BUS_EVENT_ORDER_REQUIRED
TPHW-259DFD5C80DFCD1DA0F4,TP07F245,0C:89E2:0:1:0,0x0609E2,8C3543,STY,ABS,WRITE,2,0,$4335,EXACT_START_PLUS_DBR_OR_LONG_BANK_PLUS_WIDTH_EXPANSION,BUS_EVENT_ORDER_REQUIRED
TPHW-5C1AB0BE4B4C00EECCE3,TP07F245,0C:89E2:0:1:0,0x0609E2,8C3543,STY,ABS,WRITE,2,1,$4336,EXACT_START_PLUS_DBR_OR_LONG_BANK_PLUS_WIDTH_EXPANSION,BUS_EVENT_ORDER_REQUIRED
TPHW-CF00BD4FB2E09D58E047,TP07F245,0C:89E7:0:1:0,0x0609E7,8D0B42,STA,ABS,WRITE,1,0,$420B,EXACT_START_PLUS_DBR_OR_LONG_BANK_PLUS_WIDTH_EXPANSION,BUS_EVENT_ORDER_REQUIRED
TPHW-E9E479FC022100577204,TP07F245,0C:89EA:0:1:0,0x0609EA,9C0B42,STZ,ABS,WRITE,1,0,$420B,EXACT_START_PLUS_DBR_OR_LONG_BANK_PLUS_WIDTH_EXPANSION,BUS_EVENT_ORDER_REQUIRED
TPHW-741EDB48A0347F9A7CF7,TP07F245,0C:89EF:0:1:0,0x0609EF,8D3043,STA,ABS,WRITE,1,0,$4330,EXACT_START_PLUS_DBR_OR_LONG_BANK_PLUS_WIDTH_EXPANSION,BUS_EVENT_ORDER_REQUIRED
TPHW-B99636F8274CE7611386,TP07F245,0C:89F4:0:1:0,0x0609F4,8D3143,STA,ABS,WRITE,1,0,$4331,EXACT_START_PLUS_DBR_OR_LONG_BANK_PLUS_WIDTH_EXPANSION,BUS_EVENT_ORDER_REQUIRED
TPHW-C72417A62963C2B70F93,TP07F245,0C:89FA:0:1:0,0x0609FA,8C3243,STY,ABS,WRITE,2,0,$4332,EXACT_START_PLUS_DBR_OR_LONG_BANK_PLUS_WIDTH_EXPANSION,BUS_EVENT_ORDER_REQUIRED
TPHW-684B72F4CADD69AE6473,TP07F245,0C:89FA:0:1:0,0x0609FA,8C3243,STY,ABS,WRITE,2,1,$4333,EXACT_START_PLUS_DBR_OR_LONG_BANK_PLUS_WIDTH_EXPANSION,BUS_EVENT_ORDER_REQUIRED
TPHW-81FA950A7B99BC39FAA6,TP07F245,0C:89FF:0:1:0,0x0609FF,8D3443,STA,ABS,WRITE,1,0,$4334,EXACT_START_PLUS_DBR_OR_LONG_BANK_PLUS_WIDTH_EXPANSION,BUS_EVENT_ORDER_REQUIRED
TPHW-B65CA468D7E443C49A28,TP07F245,0C:8A05:0:1:0,0x060A05,8C3543,STY,ABS,WRITE,2,0,$4335,EXACT_START_PLUS_DBR_OR_LONG_BANK_PLUS_WIDTH_EXPANSION,BUS_EVENT_ORDER_REQUIRED
TPHW-70C65687C686B88DFCE8,TP07F245,0C:8A05:0:1:0,0x060A05,8C3543,STY,ABS,WRITE,2,1,$4336,EXACT_START_PLUS_DBR_OR_LONG_BANK_PLUS_WIDTH_EXPANSION,BUS_EVENT_ORDER_REQUIRED
TPHW-70D17170C1885A193067,TP07F245,0C:8A0A:0:1:0,0x060A0A,8D0B42,STA,ABS,WRITE,1,0,$420B,EXACT_START_PLUS_DBR_OR_LONG_BANK_PLUS_WIDTH_EXPANSION,BUS_EVENT_ORDER_REQUIRED
TPHW-1C3F0BA237649BF3C408,TP07F237,0C:8A49:0:1:0,0x060A49,9C0B42,STZ,ABS,WRITE,1,0,$420B,EXACT_START_PLUS_DBR_OR_LONG_BANK_PLUS_WIDTH_EXPANSION,BUS_EVENT_ORDER_REQUIRED
TPHW-F7E6823DA8A3FFC59560,TP07F237,0C:8A4E:0:1:0,0x060A4E,8D3043,STA,ABS,WRITE,1,0,$4330,EXACT_START_PLUS_DBR_OR_LONG_BANK_PLUS_WIDTH_EXPANSION,BUS_EVENT_ORDER_REQUIRED
TPHW-DB76323037872E040B98,TP07F237,0C:8A53:0:1:0,0x060A53,8D3143,STA,ABS,WRITE,1,0,$4331,EXACT_START_PLUS_DBR_OR_LONG_BANK_PLUS_WIDTH_EXPANSION,BUS_EVENT_ORDER_REQUIRED
TPHW-D2BA8FBCD2BAB883C7A0,TP07F237,0C:8A56:0:1:0,0x060A56,8C3243,STY,ABS,WRITE,2,0,$4332,EXACT_START_PLUS_DBR_OR_LONG_BANK_PLUS_WIDTH_EXPANSION,BUS_EVENT_ORDER_REQUIRED
TPHW-58E55E2292533685B580,TP07F237,0C:8A56:0:1:0,0x060A56,8C3243,STY,ABS,WRITE,2,1,$4333,EXACT_START_PLUS_DBR_OR_LONG_BANK_PLUS_WIDTH_EXPANSION,BUS_EVENT_ORDER_REQUIRED
TPHW-25E42F34DA856DD275EB,TP07F237,0C:8A5B:0:1:0,0x060A5B,8D3443,STA,ABS,WRITE,1,0,$4334,EXACT_START_PLUS_DBR_OR_LONG_BANK_PLUS_WIDTH_EXPANSION,BUS_EVENT_ORDER_REQUIRED
TPHW-D9F392A8D6D85CF7B04C,TP07F237,0C:8A61:0:1:0,0x060A61,8C3543,STY,ABS,WRITE,2,0,$4335,EXACT_START_PLUS_DBR_OR_LONG_BANK_PLUS_WIDTH_EXPANSION,BUS_EVENT_ORDER_REQUIRED
TPHW-83316BD08DFC1ED44F85,TP07F237,0C:8A61:0:1:0,0x060A61,8C3543,STY,ABS,WRITE,2,1,$4336,EXACT_START_PLUS_DBR_OR_LONG_BANK_PLUS_WIDTH_EXPANSION,BUS_EVENT_ORDER_REQUIRED
TPHW-2C9A25BF22D0BD0B6DE8,TP07F237,0C:8A66:0:1:0,0x060A66,8D0B42,STA,ABS,WRITE,1,0,$420B,EXACT_START_PLUS_DBR_OR_LONG_BANK_PLUS_WIDTH_EXPANSION,BUS_EVENT_ORDER_REQUIRED
TPHW-3E1154044E30A1521723,TP07F058,0C:8AE8:0:1:0,0x060AE8,9C0B42,STZ,ABS,WRITE,1,0,$420B,EXACT_START_PLUS_DBR_OR_LONG_BANK_PLUS_WIDTH_EXPANSION,BUS_EVENT_ORDER_REQUIRED
TPHW-0156BC5DB5903E65E6B4,TP07F058,0C:8AED:0:1:0,0x060AED,8D4043,STA,ABS,WRITE,1,0,$4340,EXACT_START_PLUS_DBR_OR_LONG_BANK_PLUS_WIDTH_EXPANSION,BUS_EVENT_ORDER_REQUIRED
TPHW-7631C6BFB82BC51B4DA7,TP07F058,0C:8AF2:0:1:0,0x060AF2,8D4143,STA,ABS,WRITE,1,0,$4341,EXACT_START_PLUS_DBR_OR_LONG_BANK_PLUS_WIDTH_EXPANSION,BUS_EVENT_ORDER_REQUIRED
TPHW-AC7936024CC011E5F4F9,TP07F058,0C:8AF8:0:1:0,0x060AF8,8E4243,STX,ABS,WRITE,2,0,$4342,EXACT_START_PLUS_DBR_OR_LONG_BANK_PLUS_WIDTH_EXPANSION,BUS_EVENT_ORDER_REQUIRED
TPHW-0D4DF2A9D98F5442847A,TP07F058,0C:8AF8:0:1:0,0x060AF8,8E4243,STX,ABS,WRITE,2,1,$4343,EXACT_START_PLUS_DBR_OR_LONG_BANK_PLUS_WIDTH_EXPANSION,BUS_EVENT_ORDER_REQUIRED
TPHW-4301AD5A2B9D143ABA10,TP07F058,0C:8AFD:0:1:0,0x060AFD,8D4443,STA,ABS,WRITE,1,0,$4344,EXACT_START_PLUS_DBR_OR_LONG_BANK_PLUS_WIDTH_EXPANSION,BUS_EVENT_ORDER_REQUIRED
TPHW-DB36C637E6E376B82867,TP07F058,0C:8B03:0:1:0,0x060B03,8E4543,STX,ABS,WRITE,2,0,$4345,EXACT_START_PLUS_DBR_OR_LONG_BANK_PLUS_WIDTH_EXPANSION,BUS_EVENT_ORDER_REQUIRED
TPHW-640E6434F7A8F2D9AF76,TP07F058,0C:8B03:0:1:0,0x060B03,8E4543,STX,ABS,WRITE,2,1,$4346,EXACT_START_PLUS_DBR_OR_LONG_BANK_PLUS_WIDTH_EXPANSION,BUS_EVENT_ORDER_REQUIRED
TPHW-7C73B55F15FBAB493AFA,TP07F058,0C:8B08:0:1:0,0x060B08,8D0B42,STA,ABS,WRITE,1,0,$420B,EXACT_START_PLUS_DBR_OR_LONG_BANK_PLUS_WIDTH_EXPANSION,BUS_EVENT_ORDER_REQUIRED
TPHW-1EC9D44E4DCC2F57280D,TP07F058,0C:8C12:0:1:0,0x060C12,9C0B42,STZ,ABS,WRITE,1,0,$420B,EXACT_START_PLUS_DBR_OR_LONG_BANK_PLUS_WIDTH_EXPANSION,BUS_EVENT_ORDER_REQUIRED
TPHW-342AEEEAE7E9F5B48DB2,TP07F058,0C:8C17:0:1:0,0x060C17,8D3043,STA,ABS,WRITE,1,0,$4330,EXACT_START_PLUS_DBR_OR_LONG_BANK_PLUS_WIDTH_EXPANSION,BUS_EVENT_ORDER_REQUIRED
TPHW-3582084DBF9C6A3FE5B4,TP07F058,0C:8C1C:0:1:0,0x060C1C,8D3143,STA,ABS,WRITE,1,0,$4331,EXACT_START_PLUS_DBR_OR_LONG_BANK_PLUS_WIDTH_EXPANSION,BUS_EVENT_ORDER_REQUIRED
TPHW-540F3475088E46CA3D27,TP07F058,0C:8C22:0:1:0,0x060C22,8E3243,STX,ABS,WRITE,2,0,$4332,EXACT_START_PLUS_DBR_OR_LONG_BANK_PLUS_WIDTH_EXPANSION,BUS_EVENT_ORDER_REQUIRED
TPHW-6020FF42C411527E3406,TP07F058,0C:8C22:0:1:0,0x060C22,8E3243,STX,ABS,WRITE,2,1,$4333,EXACT_START_PLUS_DBR_OR_LONG_BANK_PLUS_WIDTH_EXPANSION,BUS_EVENT_ORDER_REQUIRED
TPHW-146EA038DC3EE6966C2B,TP07F058,0C:8C27:0:1:0,0x060C27,8D3443,STA,ABS,WRITE,1,0,$4334,EXACT_START_PLUS_DBR_OR_LONG_BANK_PLUS_WIDTH_EXPANSION,BUS_EVENT_ORDER_REQUIRED
TPHW-81E2A0119DD11B1ED1DA,TP07F058,0C:8C2D:0:1:0,0x060C2D,8E3543,STX,ABS,WRITE,2,0,$4335,EXACT_START_PLUS_DBR_OR_LONG_BANK_PLUS_WIDTH_EXPANSION,BUS_EVENT_ORDER_REQUIRED
TPHW-DD6D2C8E613BD7FEC7C3,TP07F058,0C:8C2D:0:1:0,0x060C2D,8E3543,STX,ABS,WRITE,2,1,$4336,EXACT_START_PLUS_DBR_OR_LONG_BANK_PLUS_WIDTH_EXPANSION,BUS_EVENT_ORDER_REQUIRED
TPHW-1B2A58B1281C1FBB923B,TP07F058,0C:8C32:0:1:0,0x060C32,8D0B42,STA,ABS,WRITE,1,0,$420B,EXACT_START_PLUS_DBR_OR_LONG_BANK_PLUS_WIDTH_EXPANSION,BUS_EVENT_ORDER_REQUIRED
TPHW-478CE57A68CEC3F8A49E,TP07F024,0C:8CB7:0:1:0,0x060CB7,9C0B42,STZ,ABS,WRITE,1,0,$420B,EXACT_START_PLUS_DBR_OR_LONG_BANK_PLUS_WIDTH_EXPANSION,BUS_EVENT_ORDER_REQUIRED
TPHW-2ABEB1586740169691B1,TP07F024,0C:8CBC:0:1:0,0x060CBC,8D4043,STA,ABS,WRITE,1,0,$4340,EXACT_START_PLUS_DBR_OR_LONG_BANK_PLUS_WIDTH_EXPANSION,BUS_EVENT_ORDER_REQUIRED
TPHW-8A8F7703A1CEBA9BEA2F,TP07F024,0C:8CC1:0:1:0,0x060CC1,8D4143,STA,ABS,WRITE,1,0,$4341,EXACT_START_PLUS_DBR_OR_LONG_BANK_PLUS_WIDTH_EXPANSION,BUS_EVENT_ORDER_REQUIRED
TPHW-C7B3DEAC6ECD74E9DE45,TP07F024,0C:8CC7:0:1:0,0x060CC7,8E4243,STX,ABS,WRITE,2,0,$4342,EXACT_START_PLUS_DBR_OR_LONG_BANK_PLUS_WIDTH_EXPANSION,BUS_EVENT_ORDER_REQUIRED
TPHW-EC1F5C7538BF89A2A54E,TP07F024,0C:8CC7:0:1:0,0x060CC7,8E4243,STX,ABS,WRITE,2,1,$4343,EXACT_START_PLUS_DBR_OR_LONG_BANK_PLUS_WIDTH_EXPANSION,BUS_EVENT_ORDER_REQUIRED
TPHW-05FB47321CF0080A3AE5,TP07F024,0C:8CCC:0:1:0,0x060CCC,8D4443,STA,ABS,WRITE,1,0,$4344,EXACT_START_PLUS_DBR_OR_LONG_BANK_PLUS_WIDTH_EXPANSION,BUS_EVENT_ORDER_REQUIRED
TPHW-B17FEDB7FF983B274FCF,TP07F024,0C:8CD2:0:1:0,0x060CD2,8E4543,STX,ABS,WRITE,2,0,$4345,EXACT_START_PLUS_DBR_OR_LONG_BANK_PLUS_WIDTH_EXPANSION,BUS_EVENT_ORDER_REQUIRED
TPHW-06EB1EA20C7928F85948,TP07F024,0C:8CD2:0:1:0,0x060CD2,8E4543,STX,ABS,WRITE,2,1,$4346,EXACT_START_PLUS_DBR_OR_LONG_BANK_PLUS_WIDTH_EXPANSION,BUS_EVENT_ORDER_REQUIRED
TPHW-3686A8D1D54725EE1F8F,TP07F024,0C:8CD7:0:1:0,0x060CD7,8D0B42,STA,ABS,WRITE,1,0,$420B,EXACT_START_PLUS_DBR_OR_LONG_BANK_PLUS_WIDTH_EXPANSION,BUS_EVENT_ORDER_REQUIRED
TPHW-5C985321FE7E8F149032,TP07F024,0C:8CDA:0:1:0,0x060CDA,9C0B42,STZ,ABS,WRITE,1,0,$420B,EXACT_START_PLUS_DBR_OR_LONG_BANK_PLUS_WIDTH_EXPANSION,BUS_EVENT_ORDER_REQUIRED
TPHW-3F7D3EDFAC402374420F,TP07F024,0C:8CDF:0:1:0,0x060CDF,8D4043,STA,ABS,WRITE,1,0,$4340,EXACT_START_PLUS_DBR_OR_LONG_BANK_PLUS_WIDTH_EXPANSION,BUS_EVENT_ORDER_REQUIRED
TPHW-B0BA1775D8ABCC31B9A7,TP07F024,0C:8CE4:0:1:0,0x060CE4,8D4143,STA,ABS,WRITE,1,0,$4341,EXACT_START_PLUS_DBR_OR_LONG_BANK_PLUS_WIDTH_EXPANSION,BUS_EVENT_ORDER_REQUIRED
TPHW-81C6AE01715E04D2E1B6,TP07F024,0C:8CEA:0:1:0,0x060CEA,8E4243,STX,ABS,WRITE,2,0,$4342,EXACT_START_PLUS_DBR_OR_LONG_BANK_PLUS_WIDTH_EXPANSION,BUS_EVENT_ORDER_REQUIRED
TPHW-55735EAE89400E9730E2,TP07F024,0C:8CEA:0:1:0,0x060CEA,8E4243,STX,ABS,WRITE,2,1,$4343,EXACT_START_PLUS_DBR_OR_LONG_BANK_PLUS_WIDTH_EXPANSION,BUS_EVENT_ORDER_REQUIRED
TPHW-023F994877A5A9FCC085,TP07F024,0C:8CEF:0:1:0,0x060CEF,8D4443,STA,ABS,WRITE,1,0,$4344,EXACT_START_PLUS_DBR_OR_LONG_BANK_PLUS_WIDTH_EXPANSION,BUS_EVENT_ORDER_REQUIRED
TPHW-CAE88743337FA7F9A0AE,TP07F024,0C:8CF5:0:1:0,0x060CF5,8E4543,STX,ABS,WRITE,2,0,$4345,EXACT_START_PLUS_DBR_OR_LONG_BANK_PLUS_WIDTH_EXPANSION,BUS_EVENT_ORDER_REQUIRED
TPHW-84BF948E3C53E1E4D6FC,TP07F024,0C:8CF5:0:1:0,0x060CF5,8E4543,STX,ABS,WRITE,2,1,$4346,EXACT_START_PLUS_DBR_OR_LONG_BANK_PLUS_WIDTH_EXPANSION,BUS_EVENT_ORDER_REQUIRED
TPHW-4D773C9729789CB8F851,TP07F024,0C:8CFA:0:1:0,0x060CFA,8D0B42,STA,ABS,WRITE,1,0,$420B,EXACT_START_PLUS_DBR_OR_LONG_BANK_PLUS_WIDTH_EXPANSION,BUS_EVENT_ORDER_REQUIRED
TPHW-9805E1CB352F249C5FC1,TP07F025,0C:8D0A:0:0:1,0x060D0A,8C0B42,STY,ABS,WRITE,1,0,$420B,EXACT_START_PLUS_DBR_OR_LONG_BANK_PLUS_WIDTH_EXPANSION,BUS_EVENT_ORDER_REQUIRED
TPHW-303149CF9E3F19CB0CFF,TP07F025,0C:8D0F:0:0:1,0x060D0F,8C4043,STY,ABS,WRITE,1,0,$4340,EXACT_START_PLUS_DBR_OR_LONG_BANK_PLUS_WIDTH_EXPANSION,BUS_EVENT_ORDER_REQUIRED
TPHW-F8AA89BCFE57951219ED,TP07F025,0C:8D14:0:0:1,0x060D14,8C4143,STY,ABS,WRITE,1,0,$4341,EXACT_START_PLUS_DBR_OR_LONG_BANK_PLUS_WIDTH_EXPANSION,BUS_EVENT_ORDER_REQUIRED
TPHW-85E6D1DE8C71AF7B10EE,TP07F025,0C:8D1C:0:0:1,0x060D1C,8D4243,STA,ABS,WRITE,2,0,$4342,EXACT_START_PLUS_DBR_OR_LONG_BANK_PLUS_WIDTH_EXPANSION,BUS_EVENT_ORDER_REQUIRED
TPHW-EBD35209319F980634DF,TP07F025,0C:8D1C:0:0:1,0x060D1C,8D4243,STA,ABS,WRITE,2,1,$4343,EXACT_START_PLUS_DBR_OR_LONG_BANK_PLUS_WIDTH_EXPANSION,BUS_EVENT_ORDER_REQUIRED
TPHW-88FB31532207CFA71272,TP07F025,0C:8D1F:0:0:1,0x060D1F,8E4443,STX,ABS,WRITE,1,0,$4344,EXACT_START_PLUS_DBR_OR_LONG_BANK_PLUS_WIDTH_EXPANSION,BUS_EVENT_ORDER_REQUIRED
TPHW-581728C5150B851FECFB,TP07F025,0C:8D25:0:0:1,0x060D25,8D4543,STA,ABS,WRITE,2,0,$4345,EXACT_START_PLUS_DBR_OR_LONG_BANK_PLUS_WIDTH_EXPANSION,BUS_EVENT_ORDER_REQUIRED
TPHW-14E71CFF7B21AA694CC4,TP07F025,0C:8D25:0:0:1,0x060D25,8D4543,STA,ABS,WRITE,2,1,$4346,EXACT_START_PLUS_DBR_OR_LONG_BANK_PLUS_WIDTH_EXPANSION,BUS_EVENT_ORDER_REQUIRED
TPHW-EF1F6081DE0237999798,TP07F025,0C:8D2A:0:0:1,0x060D2A,8C0B42,STY,ABS,WRITE,1,0,$420B,EXACT_START_PLUS_DBR_OR_LONG_BANK_PLUS_WIDTH_EXPANSION,BUS_EVENT_ORDER_REQUIRED
TPHW-E9D2F4D5E7B3958DB424,TP07F351,0C:A6FF:0:1:0,0x0626FF,9C0B42,STZ,ABS,WRITE,1,0,$420B,EXACT_START_PLUS_DBR_OR_LONG_BANK_PLUS_WIDTH_EXPANSION,BUS_EVENT_ORDER_REQUIRED
TPHW-69AA58BD771BEA49380E,TP07F351,0C:A704:0:1:0,0x062704,8D4043,STA,ABS,WRITE,1,0,$4340,EXACT_START_PLUS_DBR_OR_LONG_BANK_PLUS_WIDTH_EXPANSION,BUS_EVENT_ORDER_REQUIRED
TPHW-E8B70292494DF9F46694,TP07F351,0C:A709:0:1:0,0x062709,8D4143,STA,ABS,WRITE,1,0,$4341,EXACT_START_PLUS_DBR_OR_LONG_BANK_PLUS_WIDTH_EXPANSION,BUS_EVENT_ORDER_REQUIRED
TPHW-C8A2D05D9481F6C99C08,TP07F351,0C:A70F:0:1:0,0x06270F,8C4243,STY,ABS,WRITE,2,0,$4342,EXACT_START_PLUS_DBR_OR_LONG_BANK_PLUS_WIDTH_EXPANSION,BUS_EVENT_ORDER_REQUIRED
TPHW-B73E99D8D165C8091FC8,TP07F351,0C:A70F:0:1:0,0x06270F,8C4243,STY,ABS,WRITE,2,1,$4343,EXACT_START_PLUS_DBR_OR_LONG_BANK_PLUS_WIDTH_EXPANSION,BUS_EVENT_ORDER_REQUIRED
TPHW-6A7660565045985EE83B,TP07F351,0C:A715:0:1:0,0x062715,8D4443,STA,ABS,WRITE,1,0,$4344,EXACT_START_PLUS_DBR_OR_LONG_BANK_PLUS_WIDTH_EXPANSION,BUS_EVENT_ORDER_REQUIRED
TPHW-D0BE3A1B716DE46E8EEB,TP07F351,0C:A71B:0:1:0,0x06271B,8C4543,STY,ABS,WRITE,2,0,$4345,EXACT_START_PLUS_DBR_OR_LONG_BANK_PLUS_WIDTH_EXPANSION,BUS_EVENT_ORDER_REQUIRED
TPHW-00AEDA80EF8EB858D83A,TP07F351,0C:A71B:0:1:0,0x06271B,8C4543,STY,ABS,WRITE,2,1,$4346,EXACT_START_PLUS_DBR_OR_LONG_BANK_PLUS_WIDTH_EXPANSION,BUS_EVENT_ORDER_REQUIRED
TPHW-FA49C7C6278D0383DC2B,TP07F351,0C:A720:0:1:0,0x062720,8D0B42,STA,ABS,WRITE,1,0,$420B,EXACT_START_PLUS_DBR_OR_LONG_BANK_PLUS_WIDTH_EXPANSION,BUS_EVENT_ORDER_REQUIRED
TPHW-F1031FC5087D1AA8DDAC,TP07F246;TP07F247;TP07F248,0C:E196:0:1:0,0x066196,9C0B42,STZ,ABS,WRITE,1,0,$420B,EXACT_START_PLUS_DBR_OR_LONG_BANK_PLUS_WIDTH_EXPANSION,BUS_EVENT_ORDER_REQUIRED
TPHW-E1DAA82FBCCE763F41B3,TP07F246;TP07F247;TP07F248,0C:E19B:0:1:0,0x06619B,8D7043,STA,ABS,WRITE,1,0,$4370,EXACT_START_PLUS_DBR_OR_LONG_BANK_PLUS_WIDTH_EXPANSION,BUS_EVENT_ORDER_REQUIRED
TPHW-70A6D14B35561D7270A8,TP07F246;TP07F247;TP07F248,0C:E1A0:0:1:0,0x0661A0,8D7143,STA,ABS,WRITE,1,0,$4371,EXACT_START_PLUS_DBR_OR_LONG_BANK_PLUS_WIDTH_EXPANSION,BUS_EVENT_ORDER_REQUIRED
TPHW-231FFDF66B3B34CB7961,TP07F246;TP07F247;TP07F248,0C:E1A6:0:1:0,0x0661A6,8E7243,STX,ABS,WRITE,2,0,$4372,EXACT_START_PLUS_DBR_OR_LONG_BANK_PLUS_WIDTH_EXPANSION,BUS_EVENT_ORDER_REQUIRED
TPHW-730FCA1694007DC0CC23,TP07F246;TP07F247;TP07F248,0C:E1A6:0:1:0,0x0661A6,8E7243,STX,ABS,WRITE,2,1,$4373,EXACT_START_PLUS_DBR_OR_LONG_BANK_PLUS_WIDTH_EXPANSION,BUS_EVENT_ORDER_REQUIRED
TPHW-870DF441C19D8432D711,TP07F246;TP07F247;TP07F248,0C:E1AB:0:1:0,0x0661AB,8D7443,STA,ABS,WRITE,1,0,$4374,EXACT_START_PLUS_DBR_OR_LONG_BANK_PLUS_WIDTH_EXPANSION,BUS_EVENT_ORDER_REQUIRED
TPHW-8543987441D10430FC7C,TP07F246;TP07F247;TP07F248,0C:E1B1:0:1:0,0x0661B1,8E7543,STX,ABS,WRITE,2,0,$4375,EXACT_START_PLUS_DBR_OR_LONG_BANK_PLUS_WIDTH_EXPANSION,BUS_EVENT_ORDER_REQUIRED
TPHW-934982E911E119471138,TP07F246;TP07F247;TP07F248,0C:E1B1:0:1:0,0x0661B1,8E7543,STX,ABS,WRITE,2,1,$4376,EXACT_START_PLUS_DBR_OR_LONG_BANK_PLUS_WIDTH_EXPANSION,BUS_EVENT_ORDER_REQUIRED
TPHW-C2B2A30EC2F191823176,TP07F246;TP07F247;TP07F248,0C:E1B6:0:1:0,0x0661B6,8D0B42,STA,ABS,WRITE,1,0,$420B,EXACT_START_PLUS_DBR_OR_LONG_BANK_PLUS_WIDTH_EXPANSION,BUS_EVENT_ORDER_REQUIRED
TPHW-519691253C20C40C62AB,TP07F219;TP07F246;TP07F247;TP07F248,0C:E1D1:0:1:0,0x0661D1,9C0B42,STZ,ABS,WRITE,1,0,$420B,EXACT_START_PLUS_DBR_OR_LONG_BANK_PLUS_WIDTH_EXPANSION,BUS_EVENT_ORDER_REQUIRED
TPHW-3C4F484921DC799EA722,TP07F219;TP07F246;TP07F247;TP07F248,0C:E1D6:0:1:0,0x0661D6,8D7043,STA,ABS,WRITE,1,0,$4370,EXACT_START_PLUS_DBR_OR_LONG_BANK_PLUS_WIDTH_EXPANSION,BUS_EVENT_ORDER_REQUIRED
TPHW-7F572A5A6471C7E8698E,TP07F219;TP07F246;TP07F247;TP07F248,0C:E1DB:0:1:0,0x0661DB,8D7143,STA,ABS,WRITE,1,0,$4371,EXACT_START_PLUS_DBR_OR_LONG_BANK_PLUS_WIDTH_EXPANSION,BUS_EVENT_ORDER_REQUIRED
TPHW-93F4C5690394BB6B51E5,TP07F219;TP07F246;TP07F247;TP07F248,0C:E1E1:0:1:0,0x0661E1,8E7243,STX,ABS,WRITE,2,0,$4372,EXACT_START_PLUS_DBR_OR_LONG_BANK_PLUS_WIDTH_EXPANSION,BUS_EVENT_ORDER_REQUIRED
TPHW-9CF3711E28CA1C54E191,TP07F219;TP07F246;TP07F247;TP07F248,0C:E1E1:0:1:0,0x0661E1,8E7243,STX,ABS,WRITE,2,1,$4373,EXACT_START_PLUS_DBR_OR_LONG_BANK_PLUS_WIDTH_EXPANSION,BUS_EVENT_ORDER_REQUIRED
TPHW-A9230B00BEC27F97F6DC,TP07F219;TP07F246;TP07F247;TP07F248,0C:E1E6:0:1:0,0x0661E6,8D7443,STA,ABS,WRITE,1,0,$4374,EXACT_START_PLUS_DBR_OR_LONG_BANK_PLUS_WIDTH_EXPANSION,BUS_EVENT_ORDER_REQUIRED
TPHW-6204E32EF1B01CFE8183,TP07F219;TP07F246;TP07F247;TP07F248,0C:E1EC:0:1:0,0x0661EC,8E7543,STX,ABS,WRITE,2,0,$4375,EXACT_START_PLUS_DBR_OR_LONG_BANK_PLUS_WIDTH_EXPANSION,BUS_EVENT_ORDER_REQUIRED
TPHW-AE25E30E69D5C33128B9,TP07F219;TP07F246;TP07F247;TP07F248,0C:E1EC:0:1:0,0x0661EC,8E7543,STX,ABS,WRITE,2,1,$4376,EXACT_START_PLUS_DBR_OR_LONG_BANK_PLUS_WIDTH_EXPANSION,BUS_EVENT_ORDER_REQUIRED
TPHW-5901016BBCB48623B5E9,TP07F219;TP07F246;TP07F247;TP07F248,0C:E1F1:0:1:0,0x0661F1,8D0B42,STA,ABS,WRITE,1,0,$420B,EXACT_START_PLUS_DBR_OR_LONG_BANK_PLUS_WIDTH_EXPANSION,BUS_EVENT_ORDER_REQUIRED
TPHW-8B72BD45CD4A523DCC38,TP07F284,0C:E223:0:1:0,0x066223,9C0B42,STZ,ABS,WRITE,1,0,$420B,EXACT_START_PLUS_DBR_OR_LONG_BANK_PLUS_WIDTH_EXPANSION,BUS_EVENT_ORDER_REQUIRED
TPHW-805373DB91A7A1AEF769,TP07F284,0C:E228:0:1:0,0x066228,8D4043,STA,ABS,WRITE,1,0,$4340,EXACT_START_PLUS_DBR_OR_LONG_BANK_PLUS_WIDTH_EXPANSION,BUS_EVENT_ORDER_REQUIRED
TPHW-F4769DE371C8A26CF1A8,TP07F284,0C:E22D:0:1:0,0x06622D,8D4143,STA,ABS,WRITE,1,0,$4341,EXACT_START_PLUS_DBR_OR_LONG_BANK_PLUS_WIDTH_EXPANSION,BUS_EVENT_ORDER_REQUIRED
TPHW-6963A1FA82141A4A1675,TP07F284,0C:E233:0:1:0,0x066233,8E4243,STX,ABS,WRITE,2,0,$4342,EXACT_START_PLUS_DBR_OR_LONG_BANK_PLUS_WIDTH_EXPANSION,BUS_EVENT_ORDER_REQUIRED
TPHW-35204D4B60C1AC04107B,TP07F284,0C:E233:0:1:0,0x066233,8E4243,STX,ABS,WRITE,2,1,$4343,EXACT_START_PLUS_DBR_OR_LONG_BANK_PLUS_WIDTH_EXPANSION,BUS_EVENT_ORDER_REQUIRED
TPHW-8ADCFC4C90384277A214,TP07F284,0C:E239:0:1:0,0x066239,8D4443,STA,ABS,WRITE,1,0,$4344,EXACT_START_PLUS_DBR_OR_LONG_BANK_PLUS_WIDTH_EXPANSION,BUS_EVENT_ORDER_REQUIRED
TPHW-F8ED1CDD95CAFCC3C885,TP07F284,0C:E23F:0:1:0,0x06623F,8E4543,STX,ABS,WRITE,2,0,$4345,EXACT_START_PLUS_DBR_OR_LONG_BANK_PLUS_WIDTH_EXPANSION,BUS_EVENT_ORDER_REQUIRED
TPHW-01A1B59FED9514C6CE26,TP07F284,0C:E23F:0:1:0,0x06623F,8E4543,STX,ABS,WRITE,2,1,$4346,EXACT_START_PLUS_DBR_OR_LONG_BANK_PLUS_WIDTH_EXPANSION,BUS_EVENT_ORDER_REQUIRED
TPHW-23469E31C44FA8B2149C,TP07F284,0C:E244:0:1:0,0x066244,8D0B42,STA,ABS,WRITE,1,0,$420B,EXACT_START_PLUS_DBR_OR_LONG_BANK_PLUS_WIDTH_EXPANSION,BUS_EVENT_ORDER_REQUIRED
TPHW-1901BA48D0BD7BE6E8C5,TP07F284,0C:E285:0:1:0,0x066285,9C0B42,STZ,ABS,WRITE,1,0,$420B,EXACT_START_PLUS_DBR_OR_LONG_BANK_PLUS_WIDTH_EXPANSION,BUS_EVENT_ORDER_REQUIRED
TPHW-8816331A33BD76CC155D,TP07F284,0C:E28A:0:1:0,0x06628A,8D4043,STA,ABS,WRITE,1,0,$4340,EXACT_START_PLUS_DBR_OR_LONG_BANK_PLUS_WIDTH_EXPANSION,BUS_EVENT_ORDER_REQUIRED
TPHW-A256003405EF6A438F64,TP07F284,0C:E28F:0:1:0,0x06628F,8D4143,STA,ABS,WRITE,1,0,$4341,EXACT_START_PLUS_DBR_OR_LONG_BANK_PLUS_WIDTH_EXPANSION,BUS_EVENT_ORDER_REQUIRED
TPHW-E0E752FAE70032400FEE,TP07F284,0C:E295:0:1:0,0x066295,8E4243,STX,ABS,WRITE,2,0,$4342,EXACT_START_PLUS_DBR_OR_LONG_BANK_PLUS_WIDTH_EXPANSION,BUS_EVENT_ORDER_REQUIRED
TPHW-057E18FECFB75BA8E41C,TP07F284,0C:E295:0:1:0,0x066295,8E4243,STX,ABS,WRITE,2,1,$4343,EXACT_START_PLUS_DBR_OR_LONG_BANK_PLUS_WIDTH_EXPANSION,BUS_EVENT_ORDER_REQUIRED
TPHW-3CB5BA613959B18143DD,TP07F284,0C:E29A:0:1:0,0x06629A,8D4443,STA,ABS,WRITE,1,0,$4344,EXACT_START_PLUS_DBR_OR_LONG_BANK_PLUS_WIDTH_EXPANSION,BUS_EVENT_ORDER_REQUIRED
TPHW-325F44327949F3E914CE,TP07F284,0C:E2A0:0:1:0,0x0662A0,8E4543,STX,ABS,WRITE,2,0,$4345,EXACT_START_PLUS_DBR_OR_LONG_BANK_PLUS_WIDTH_EXPANSION,BUS_EVENT_ORDER_REQUIRED
TPHW-DCA3474C4685C73FDDF3,TP07F284,0C:E2A0:0:1:0,0x0662A0,8E4543,STX,ABS,WRITE,2,1,$4346,EXACT_START_PLUS_DBR_OR_LONG_BANK_PLUS_WIDTH_EXPANSION,BUS_EVENT_ORDER_REQUIRED
TPHW-EF0AC6D534955391BA4C,TP07F284,0C:E2A5:0:1:0,0x0662A5,8D0B42,STA,ABS,WRITE,1,0,$420B,EXACT_START_PLUS_DBR_OR_LONG_BANK_PLUS_WIDTH_EXPANSION,BUS_EVENT_ORDER_REQUIRED
TPHW-CCAC0A76395B87864E0C,TP07F320,0C:E3EE:0:1:0,0x0663EE,9C0B42,STZ,ABS,WRITE,1,0,$420B,EXACT_START_PLUS_DBR_OR_LONG_BANK_PLUS_WIDTH_EXPANSION,BUS_EVENT_ORDER_REQUIRED
TPHW-517B94815E38B03900E9,TP07F320,0C:E3F3:0:1:0,0x0663F3,8D4043,STA,ABS,WRITE,1,0,$4340,EXACT_START_PLUS_DBR_OR_LONG_BANK_PLUS_WIDTH_EXPANSION,BUS_EVENT_ORDER_REQUIRED
TPHW-DBA20F6EA3EDAA89E29C,TP07F320,0C:E3F8:0:1:0,0x0663F8,8D4143,STA,ABS,WRITE,1,0,$4341,EXACT_START_PLUS_DBR_OR_LONG_BANK_PLUS_WIDTH_EXPANSION,BUS_EVENT_ORDER_REQUIRED
TPHW-D42B1AE3FF5B6871293B,TP07F320,0C:E3FE:0:1:0,0x0663FE,8E4243,STX,ABS,WRITE,2,0,$4342,EXACT_START_PLUS_DBR_OR_LONG_BANK_PLUS_WIDTH_EXPANSION,BUS_EVENT_ORDER_REQUIRED
TPHW-9FAF034F6C6A79C81DDE,TP07F320,0C:E3FE:0:1:0,0x0663FE,8E4243,STX,ABS,WRITE,2,1,$4343,EXACT_START_PLUS_DBR_OR_LONG_BANK_PLUS_WIDTH_EXPANSION,BUS_EVENT_ORDER_REQUIRED
TPHW-7A148B9CC75ED0AE909F,TP07F320,0C:E403:0:1:0,0x066403,8D4443,STA,ABS,WRITE,1,0,$4344,EXACT_START_PLUS_DBR_OR_LONG_BANK_PLUS_WIDTH_EXPANSION,BUS_EVENT_ORDER_REQUIRED
TPHW-9F117B2B0FD6D93FED60,TP07F320,0C:E409:0:1:0,0x066409,8E4543,STX,ABS,WRITE,2,0,$4345,EXACT_START_PLUS_DBR_OR_LONG_BANK_PLUS_WIDTH_EXPANSION,BUS_EVENT_ORDER_REQUIRED
TPHW-129429A0BD60CDEF3EEE,TP07F320,0C:E409:0:1:0,0x066409,8E4543,STX,ABS,WRITE,2,1,$4346,EXACT_START_PLUS_DBR_OR_LONG_BANK_PLUS_WIDTH_EXPANSION,BUS_EVENT_ORDER_REQUIRED
TPHW-01B18744B7AA07257431,TP07F320,0C:E40E:0:1:0,0x06640E,8D0B42,STA,ABS,WRITE,1,0,$420B,EXACT_START_PLUS_DBR_OR_LONG_BANK_PLUS_WIDTH_EXPANSION,BUS_EVENT_ORDER_REQUIRED
TPHW-BC0FFB17A2B406C82CF3,TP07F243,0C:E43E:0:1:0,0x06643E,9C0B42,STZ,ABS,WRITE,1,0,$420B,EXACT_START_PLUS_DBR_OR_LONG_BANK_PLUS_WIDTH_EXPANSION,BUS_EVENT_ORDER_REQUIRED
TPHW-5A5053C120E9D5411667,TP07F243,0C:E443:0:1:0,0x066443,8D4043,STA,ABS,WRITE,1,0,$4340,EXACT_START_PLUS_DBR_OR_LONG_BANK_PLUS_WIDTH_EXPANSION,BUS_EVENT_ORDER_REQUIRED
TPHW-DF551669EA4CAB020E45,TP07F243,0C:E448:0:1:0,0x066448,8D4143,STA,ABS,WRITE,1,0,$4341,EXACT_START_PLUS_DBR_OR_LONG_BANK_PLUS_WIDTH_EXPANSION,BUS_EVENT_ORDER_REQUIRED
TPHW-064565A79652C10745D3,TP07F243,0C:E44E:0:1:0,0x06644E,8E4243,STX,ABS,WRITE,2,0,$4342,EXACT_START_PLUS_DBR_OR_LONG_BANK_PLUS_WIDTH_EXPANSION,BUS_EVENT_ORDER_REQUIRED
TPHW-F979932F76E9168752BC,TP07F243,0C:E44E:0:1:0,0x06644E,8E4243,STX,ABS,WRITE,2,1,$4343,EXACT_START_PLUS_DBR_OR_LONG_BANK_PLUS_WIDTH_EXPANSION,BUS_EVENT_ORDER_REQUIRED
TPHW-FD7F2C7BBC572D9F37E4,TP07F243,0C:E454:0:1:0,0x066454,8D4443,STA,ABS,WRITE,1,0,$4344,EXACT_START_PLUS_DBR_OR_LONG_BANK_PLUS_WIDTH_EXPANSION,BUS_EVENT_ORDER_REQUIRED
TPHW-CE3B5CA0E6532845FE62,TP07F243,0C:E45A:0:1:0,0x06645A,8E4543,STX,ABS,WRITE,2,0,$4345,EXACT_START_PLUS_DBR_OR_LONG_BANK_PLUS_WIDTH_EXPANSION,BUS_EVENT_ORDER_REQUIRED
TPHW-D018C65D0721C20692C1,TP07F243,0C:E45A:0:1:0,0x06645A,8E4543,STX,ABS,WRITE,2,1,$4346,EXACT_START_PLUS_DBR_OR_LONG_BANK_PLUS_WIDTH_EXPANSION,BUS_EVENT_ORDER_REQUIRED
TPHW-D05553ECA552944EEE32,TP07F243,0C:E45F:0:1:0,0x06645F,8D0B42,STA,ABS,WRITE,1,0,$420B,EXACT_START_PLUS_DBR_OR_LONG_BANK_PLUS_WIDTH_EXPANSION,BUS_EVENT_ORDER_REQUIRED
