Stable_Id,Families,Context,ROM_Offset,Bytes,Mnemonic,Mode,Access,Instruction_Access_Width,Byte_Event_Index,Register,Address_Proof
TPHW-321348FFBB3B1C748CB7,TP07F053;TP07F057;TP07F327,0C:8871:0:1:1,0x060871,AD4321,LDA,ABS,READ,1,0,$2143,EXACT_START_PLUS_DBR_OR_LONG_BANK_PLUS_WIDTH_EXPANSION
TPHW-E1A609F9E050443CB747,TP07F005,0E:8051:0:1:1,0x070051,AF432100,LDA,ABSL,READ,1,0,$2143,EXACT_START_PLUS_DBR_OR_LONG_BANK_PLUS_WIDTH_EXPANSION
TPHW-A574390FB6767DBAD6DA,TP07F005,0E:8059:0:1:1,0x070059,AF412100,LDA,ABSL,READ,1,0,$2141,EXACT_START_PLUS_DBR_OR_LONG_BANK_PLUS_WIDTH_EXPANSION
TPHW-72B3B93A801FC1C1D65F,TP07F005,0E:8061:0:1:1,0x070061,AF422100,LDA,ABSL,READ,1,0,$2142,EXACT_START_PLUS_DBR_OR_LONG_BANK_PLUS_WIDTH_EXPANSION
TPHW-D289D02E12B18EB9107D,TP07F005,0E:806B:0:1:1,0x07006B,8F402100,STA,ABSL,WRITE,1,0,$2140,EXACT_START_PLUS_DBR_OR_LONG_BANK_PLUS_WIDTH_EXPANSION
TPHW-BBBC972826749DD01444,TP07F005,0E:806F:0:1:1,0x07006F,CF432100,CMP,ABSL,READ,1,0,$2143,EXACT_START_PLUS_DBR_OR_LONG_BANK_PLUS_WIDTH_EXPANSION
TPHW-0DF8CD47E0F91980B02E,TP07F004,0E:8249:0:1:1,0x070249,8F422100,STA,ABSL,WRITE,1,0,$2142,EXACT_START_PLUS_DBR_OR_LONG_BANK_PLUS_WIDTH_EXPANSION
TPHW-6A2FBF48B0215DFF2238,TP07F004,0E:825A:0:1:1,0x07025A,8F402100,STA,ABSL,WRITE,1,0,$2140,EXACT_START_PLUS_DBR_OR_LONG_BANK_PLUS_WIDTH_EXPANSION
TPHW-907294EFCD44D9A11F10,TP07F004,0E:826A:0:1:1,0x07026A,CF412100,CMP,ABSL,READ,1,0,$2141,EXACT_START_PLUS_DBR_OR_LONG_BANK_PLUS_WIDTH_EXPANSION
TPHW-491FBCF085E466C9B832,TP07F004,0E:8270:0:1:1,0x070270,CF412100,CMP,ABSL,READ,1,0,$2141,EXACT_START_PLUS_DBR_OR_LONG_BANK_PLUS_WIDTH_EXPANSION
TPHW-C9EE87D235D8BE15DCA0,TP07F003,0E:82AC:0:0:0,0x0702AC,CF402100,CMP,ABSL,READ,2,0,$2140,EXACT_START_PLUS_DBR_OR_LONG_BANK_PLUS_WIDTH_EXPANSION
TPHW-5B70702DBE5DBA3E5A7D,TP07F003,0E:82AC:0:0:0,0x0702AC,CF402100,CMP,ABSL,READ,2,1,$2141,EXACT_START_PLUS_DBR_OR_LONG_BANK_PLUS_WIDTH_EXPANSION
TPHW-8527E2762BF9EEFD1A0B,TP07F003,0E:82C5:0:1:0,0x0702C5,CF402100,CMP,ABSL,READ,1,0,$2140,EXACT_START_PLUS_DBR_OR_LONG_BANK_PLUS_WIDTH_EXPANSION
TPHW-1A4FC95D5173CC88AE9C,TP07F003,0E:82CE:0:0:0,0x0702CE,8F402100,STA,ABSL,WRITE,2,0,$2140,EXACT_START_PLUS_DBR_OR_LONG_BANK_PLUS_WIDTH_EXPANSION
TPHW-FFBA86AB5EC88F13E858,TP07F003,0E:82CE:0:0:0,0x0702CE,8F402100,STA,ABSL,WRITE,2,1,$2141,EXACT_START_PLUS_DBR_OR_LONG_BANK_PLUS_WIDTH_EXPANSION
TPHW-06C769F014F854C7E8C2,TP07F003,0E:82D7:0:1:0,0x0702D7,CF402100,CMP,ABSL,READ,1,0,$2140,EXACT_START_PLUS_DBR_OR_LONG_BANK_PLUS_WIDTH_EXPANSION
TPHW-60412D40B8D65F0A282A,TP07F003,0E:82ED:0:0:0,0x0702ED,8F422100,STA,ABSL,WRITE,2,0,$2142,EXACT_START_PLUS_DBR_OR_LONG_BANK_PLUS_WIDTH_EXPANSION
TPHW-FD4CE267EAEE274C359B,TP07F003,0E:82ED:0:0:0,0x0702ED,8F422100,STA,ABSL,WRITE,2,1,$2143,EXACT_START_PLUS_DBR_OR_LONG_BANK_PLUS_WIDTH_EXPANSION
TPHW-83AC293EF5133D91E432,TP07F003,0E:82F9:0:1:0,0x0702F9,8F412100,STA,ABSL,WRITE,1,0,$2141,EXACT_START_PLUS_DBR_OR_LONG_BANK_PLUS_WIDTH_EXPANSION
TPHW-95E60FB095C454707359,TP07F003,0E:8300:0:1:0,0x070300,8F402100,STA,ABSL,WRITE,1,0,$2140,EXACT_START_PLUS_DBR_OR_LONG_BANK_PLUS_WIDTH_EXPANSION
TPHW-9D902244C053057E1DEF,TP07F003,0E:8309:0:1:0,0x070309,CF402100,CMP,ABSL,READ,1,0,$2140,EXACT_START_PLUS_DBR_OR_LONG_BANK_PLUS_WIDTH_EXPANSION
