Owner,Obligation,Classification,Blocking,Evidence,Detail
01C,ROM identity and conservative physical-byte census,CLOSED_SOURCE_PROVED,false,cold V01C products,Cold products are byte-identical; logical LoROM/FastROM target is fixed.
02C,W65C816 semantic owner,CLOSED_SOURCE_PROVED,false,docs/V02C-SEMANTIC-MANIFEST.json,Offline semantics are fixed and no production decoder is selected.
03C,Whole-ROM lexical and byte-classification universe,CLOSED_SOURCE_PROVED,false,cold V03C products,All physical offsets regenerate identically; lexical candidates remain non-authoritative.
04C-05C,"Exact contexts, calls, returns and NMI re-entry",CLOSED_SOURCE_PROVED,false,cold V04C/V05C products,"71,986 exact contexts, zero flow frontiers and zero byte conflicts regenerate identically."
06C,Executable-memory epochs,UNREACHABLE_UNDER_CERTIFIED_AUTHORITY,false,docs/V06C-executable-memory-summary.json,Every exact execution target is canonical ROM; no executable RAM epoch exists.
07C,Static S-CPU generated authority,CLOSED_SOURCE_PROVED,false,docs/V07C-production-manifest.csv,"Fresh exact and admitted/generated memberships are equal at 71,986 contexts."
08C,"Bus, reset, memory, MMIO, persistence and power-on profiles",CLOSED_RUNTIME_SEMANTICS,false,docs/V08C-bus-map-summary.json + config/power-on-profiles.json,All 24-bit addresses and source-reached memory effects have one current owner. Strict unknown WRAM remains the default; deterministic zero WRAM is an explicit validation-only profile.
09C,Master scheduler and clock domains,CLOSED_RUNTIME_SEMANTICS,false,docs/V09C-verification-summary.json,PAL master-clock event owner and residual domain joins are selected.
10C,DMA/HDMA source-to-receiver chains,CLOSED_RUNTIME_SEMANTICS,false,docs/V10C-verification-summary.json,General controller owns all exact source configurations.
11C,PPU register/storage state,CLOSED_RUNTIME_SEMANTICS,false,docs/V11C-verification-summary.json,Exact CPU/DMA/HDMA receivers join the sole PPU owner.
12C,"APUIO, IPL, timers and ARAM epoch",CLOSED_SOURCE_PROVED,false,docs/V12C-verification-summary.json,Cartridge-authored upload and directional port ownership are closed.
13C,Static S-SMP AOT,CLOSED_SOURCE_PROVED,false,docs/V13C-verification-summary.json,Exact-PC generated authority has no runtime decoder or fallback.
14C,Raster renderer and published framebuffer,CLOSED_RUNTIME_SEMANTICS,false,docs/V14C-verification-summary.json + docs/V17C-natural-ladder-summary.json,Reached Modes 2/3 have one raster owner and completed frames pass the cold natural ladder.
15C,Input and persistence transitions,CLOSED_RUNTIME_SEMANTICS,false,docs/V15C-verification-summary.json,Standard-pad/manual/autojoy/reset and zero-SRAM contract are closed.
16C,S-DSP and bounded core PCM,CLOSED_RUNTIME_SEMANTICS,false,docs/V16C-verification-summary.json + docs/V17C-natural-ladder-summary.json,One project-owned 32-phase DSP produces known active PCM through the cold natural ladder.
01C/08C,Physical PCB catalogue identity,OUTSIDE_DECLARED_TARGET,false,docs/V01C-cartridge-profile.json + docs/V08C-bus-map-summary.json,"The static-core target is the exact ROM's source-proved logical LoROM/FastROM/no-enhancement contract, not archival PCB part-number identification."
01C/03C/05C,Historical unresolved ROM bytes,SUPERSEDED_PROVED,false,cold V03C/V05C products,01C UNRESOLVED bytes are superseded by total conservative 03C classification and the exact 05C execution universe.
02C/05C,Invalid packed-BCD behavior,UNREACHABLE_UNDER_CERTIFIED_AUTHORITY,false,cold V05C products + docs/V07C-production-manifest.csv,"Reset clears decimal mode, the admitted universe contains zero SED contexts, PLP is source-paired and NMI RTI only preserves interrupted status; production still fails closed if this authority changes."
07C-16C,One current production graph and negative authority retirement,RETIRED_NEGATIVE_PROOF,false,docs/V17C-production-authority-audit.json + docs/V17C-static-symbol-audit.json,"No S-CPU/SPC700 decoder, fallback, third-party DSP owner or frontend is selected; current archives match their receipts."
08C/17C,Strict-default WRAM $0016-$0017 first-use state,HARDWARE_INDETERMINATE,false,docs/V17C-wram-0016-power-on-provenance.json + docs/V17C-natural-300-frames-unprofiled-boundary.json,Strict unknown-WRAM execution stops at source-identified first consumption. The separate deterministic-zero-WRAM-v1 profile does not become cartridge or universal hardware authority.
17C,Natural master-clock framebuffer and active Theme Park PCM validation,CLOSED_RUNTIME_SEMANTICS,false,docs/V17C-natural-ladder-summary.json,Cold 300/600/10000-frame and exact 60/120/180-second master-clock rungs pass; the 300-frame rung repeats byte-identically; no unknown PCM or owner stop occurs.
